Time	A01	A02	A03	A04	A05	A06	A07	A08	A09	A10	A11	A12	B01	B02	B03	B04	B05	B06	B07	B08	B09	B10	B11	B12	C01	C02	C03	C04	C05	C06	C07	C08	C09	C10	C11	C12	D01	D02	D03	D04	D05	D06	D07	D08	D09	D10	D11	D12	E01	E02	E03	E04	E05	E06	E07	E08	E09	E10	E11	E12	F01	F02	F03	F04	F05	F06	F07	F08	F09	F10	F11	F12	G01	G02	G03	G04	G05	G06	G07	G08	G09	G10	G11	G12	H01	H02	H03	H04	H05	H06	H07	H08	H09	H10	H11	H12
0	0.435	0.445	0.447	0.426	0.449	0.456	0.432	0.458	0.447	0.433	0.446	0.436	0.463	0.468	0.471	0.449	0.449	0.448	0.438	0.446	0.457	0.427	0.474	0.451	0.454	0.464	0.457	0.46	0.466	0.451	0.439	0.436	0.445	0.415	0.433	0.437	0.47	0.478	0.48	0.459	0.479	0.466	0.455	0.475	0.461	0.429	0.459	0.445	0.463	0.48	0.48	0.469	0.47	0.476	0.456	0.48	0.475	0.458	0.473	0.475	0.459	0.466	0.462	0.464	0.468	0.473	0.039	0.036	0.039	0.037	0.044	0.036	0.452	0.46	0.473	0.466	0.472	0.476	0.469	0.469	0.478	0.476	0.038	0.037	0.455	0.464	0.469	0.457	0.466	0.487	0.464	0.48	0.487	0.468	0.488	0.484
15	0.429	0.435	0.441	0.429	0.45	0.457	0.432	0.46	0.456	0.434	0.448	0.441	0.439	0.448	0.455	0.444	0.443	0.44	0.431	0.441	0.439	0.43	0.442	0.431	0.451	0.464	0.473	0.458	0.465	0.472	0.457	0.464	0.452	0.427	0.455	0.45	0.464	0.476	0.479	0.457	0.479	0.481	0.465	0.478	0.461	0.44	0.46	0.45	0.453	0.469	0.469	0.45	0.468	0.461	0.447	0.453	0.462	0.443	0.446	0.462	0.446	0.455	0.457	0.452	0.456	0.458	0.039	0.036	0.039	0.037	0.044	0.036	0.443	0.45	0.461	0.451	0.459	0.463	0.462	0.448	0.477	0.47	0.038	0.036	0.44	0.45	0.459	0.45	0.457	0.472	0.452	0.463	0.463	0.459	0.468	0.472
30	0.425	0.446	0.439	0.414	0.442	0.449	0.416	0.441	0.439	0.423	0.45	0.419	0.433	0.45	0.447	0.44	0.446	0.446	0.434	0.452	0.436	0.424	0.44	0.441	0.449	0.468	0.476	0.457	0.465	0.48	0.45	0.463	0.451	0.424	0.445	0.438	0.462	0.478	0.48	0.463	0.472	0.467	0.462	0.463	0.452	0.428	0.452	0.447	0.449	0.458	0.471	0.468	0.474	0.471	0.462	0.483	0.479	0.457	0.478	0.474	0.437	0.449	0.46	0.45	0.447	0.454	0.038	0.035	0.038	0.036	0.043	0.035	0.434	0.445	0.453	0.456	0.453	0.451	0.455	0.434	0.451	0.456	0.037	0.036	0.434	0.446	0.451	0.439	0.454	0.462	0.44	0.454	0.454	0.446	0.447	0.458
45	0.421	0.437	0.433	0.411	0.437	0.439	0.413	0.431	0.427	0.407	0.436	0.418	0.431	0.45	0.443	0.441	0.449	0.445	0.439	0.453	0.44	0.422	0.431	0.422	0.446	0.465	0.469	0.45	0.458	0.475	0.448	0.467	0.444	0.431	0.449	0.452	0.45	0.472	0.473	0.448	0.466	0.468	0.456	0.481	0.465	0.434	0.459	0.462	0.442	0.456	0.467	0.459	0.471	0.464	0.453	0.477	0.473	0.453	0.47	0.465	0.431	0.44	0.438	0.438	0.45	0.439	0.038	0.035	0.038	0.036	0.042	0.036	0.43	0.439	0.445	0.445	0.458	0.453	0.453	0.44	0.452	0.45	0.037	0.036	0.428	0.434	0.442	0.431	0.44	0.446	0.427	0.443	0.443	0.435	0.442	0.443
60	0.412	0.426	0.433	0.416	0.436	0.449	0.417	0.438	0.414	0.403	0.419	0.401	0.422	0.44	0.433	0.429	0.432	0.429	0.423	0.436	0.428	0.416	0.426	0.424	0.44	0.455	0.463	0.449	0.45	0.456	0.435	0.457	0.434	0.417	0.435	0.434	0.456	0.462	0.467	0.456	0.472	0.47	0.46	0.486	0.469	0.436	0.473	0.462	0.437	0.454	0.462	0.461	0.468	0.46	0.452	0.47	0.466	0.448	0.467	0.452	0.43	0.449	0.45	0.442	0.439	0.445	0.038	0.036	0.038	0.036	0.043	0.036	0.422	0.435	0.444	0.441	0.445	0.446	0.452	0.436	0.451	0.451	0.037	0.036	0.421	0.436	0.441	0.428	0.438	0.437	0.425	0.44	0.445	0.427	0.431	0.437
75	0.403	0.426	0.428	0.415	0.436	0.439	0.406	0.441	0.432	0.409	0.413	0.406	0.42	0.443	0.438	0.429	0.428	0.419	0.406	0.418	0.425	0.398	0.416	0.407	0.426	0.441	0.436	0.441	0.445	0.443	0.433	0.443	0.438	0.414	0.436	0.434	0.455	0.47	0.467	0.44	0.456	0.459	0.44	0.46	0.448	0.416	0.442	0.427	0.436	0.451	0.461	0.457	0.468	0.464	0.446	0.471	0.463	0.435	0.459	0.453	0.432	0.444	0.443	0.435	0.437	0.436	0.038	0.035	0.038	0.036	0.042	0.036	0.423	0.437	0.445	0.439	0.447	0.449	0.448	0.436	0.446	0.449	0.036	0.036	0.414	0.426	0.437	0.423	0.433	0.439	0.418	0.429	0.44	0.427	0.433	0.438
90	0.401	0.427	0.434	0.417	0.438	0.444	0.414	0.433	0.434	0.41	0.421	0.409	0.426	0.448	0.436	0.426	0.421	0.413	0.401	0.409	0.406	0.394	0.4	0.388	0.429	0.44	0.449	0.45	0.45	0.461	0.443	0.459	0.438	0.425	0.434	0.433	0.447	0.463	0.463	0.449	0.461	0.457	0.448	0.469	0.456	0.425	0.456	0.433	0.435	0.452	0.46	0.453	0.462	0.459	0.446	0.463	0.455	0.45	0.471	0.439	0.421	0.431	0.431	0.419	0.421	0.417	0.039	0.035	0.039	0.036	0.043	0.036	0.415	0.425	0.429	0.421	0.428	0.428	0.424	0.404	0.425	0.408	0.037	0.036	0.422	0.435	0.437	0.422	0.436	0.441	0.42	0.436	0.436	0.42	0.438	0.426
105	0.405	0.422	0.427	0.411	0.44	0.441	0.414	0.438	0.438	0.412	0.43	0.417	0.42	0.444	0.437	0.431	0.428	0.412	0.392	0.402	0.416	0.399	0.405	0.4	0.42	0.438	0.435	0.443	0.454	0.452	0.439	0.459	0.452	0.428	0.45	0.444	0.447	0.466	0.468	0.435	0.452	0.453	0.448	0.465	0.455	0.415	0.435	0.415	0.43	0.456	0.466	0.454	0.46	0.451	0.433	0.45	0.449	0.426	0.443	0.432	0.417	0.428	0.428	0.422	0.421	0.422	0.039	0.036	0.039	0.037	0.044	0.037	0.41	0.428	0.432	0.425	0.433	0.435	0.44	0.418	0.427	0.431	0.037	0.036	0.413	0.426	0.436	0.428	0.439	0.44	0.418	0.449	0.444	0.435	0.448	0.431
120	0.4	0.422	0.43	0.413	0.435	0.434	0.408	0.431	0.427	0.406	0.418	0.406	0.418	0.438	0.439	0.429	0.431	0.424	0.41	0.42	0.418	0.405	0.418	0.408	0.421	0.438	0.427	0.439	0.446	0.45	0.432	0.45	0.428	0.416	0.439	0.427	0.443	0.457	0.461	0.435	0.454	0.456	0.44	0.46	0.452	0.412	0.44	0.424	0.425	0.446	0.455	0.448	0.459	0.45	0.43	0.457	0.453	0.43	0.444	0.436	0.414	0.427	0.426	0.418	0.42	0.42	0.038	0.036	0.038	0.036	0.043	0.036	0.406	0.424	0.428	0.42	0.429	0.43	0.429	0.413	0.431	0.42	0.036	0.036	0.405	0.416	0.426	0.403	0.427	0.431	0.405	0.423	0.424	0.409	0.421	0.421
135	0.399	0.417	0.426	0.41	0.438	0.434	0.409	0.432	0.434	0.407	0.416	0.404	0.412	0.432	0.427	0.419	0.43	0.429	0.408	0.424	0.422	0.411	0.406	0.41	0.425	0.447	0.451	0.444	0.454	0.455	0.435	0.454	0.444	0.42	0.443	0.437	0.435	0.452	0.456	0.434	0.452	0.449	0.437	0.455	0.452	0.414	0.431	0.424	0.431	0.441	0.45	0.447	0.453	0.451	0.437	0.449	0.438	0.428	0.421	0.404	0.416	0.428	0.426	0.421	0.423	0.421	0.038	0.034	0.038	0.035	0.042	0.036	0.405	0.415	0.424	0.424	0.426	0.428	0.434	0.407	0.425	0.432	0.036	0.036	0.398	0.41	0.418	0.4	0.417	0.416	0.4	0.42	0.419	0.404	0.41	0.416
150	0.403	0.414	0.423	0.409	0.44	0.442	0.416	0.438	0.438	0.409	0.422	0.403	0.413	0.431	0.427	0.418	0.421	0.419	0.408	0.417	0.422	0.406	0.411	0.41	0.413	0.432	0.431	0.419	0.432	0.427	0.413	0.433	0.421	0.401	0.421	0.415	0.433	0.452	0.455	0.429	0.444	0.445	0.434	0.451	0.446	0.412	0.428	0.416	0.423	0.442	0.453	0.443	0.455	0.451	0.431	0.447	0.442	0.421	0.431	0.43	0.414	0.426	0.423	0.418	0.423	0.422	0.038	0.035	0.039	0.036	0.043	0.036	0.404	0.416	0.421	0.415	0.423	0.423	0.429	0.406	0.422	0.413	0.036	0.037	0.4	0.41	0.416	0.398	0.42	0.41	0.394	0.415	0.417	0.401	0.408	0.413
165	0.396	0.412	0.422	0.412	0.439	0.441	0.407	0.433	0.431	0.407	0.416	0.403	0.41	0.431	0.423	0.417	0.425	0.422	0.405	0.418	0.419	0.405	0.422	0.398	0.429	0.449	0.447	0.432	0.442	0.445	0.415	0.437	0.409	0.391	0.41	0.406	0.43	0.449	0.444	0.428	0.445	0.444	0.435	0.452	0.447	0.411	0.425	0.412	0.422	0.437	0.44	0.431	0.436	0.442	0.401	0.433	0.428	0.404	0.414	0.409	0.408	0.419	0.417	0.412	0.419	0.413	0.039	0.035	0.039	0.037	0.043	0.036	0.4	0.414	0.418	0.411	0.421	0.418	0.419	0.402	0.416	0.408	0.037	0.037	0.396	0.408	0.415	0.399	0.416	0.415	0.395	0.423	0.415	0.399	0.406	0.405
180	0.394	0.415	0.413	0.394	0.424	0.436	0.39	0.426	0.412	0.385	0.41	0.402	0.409	0.432	0.428	0.419	0.427	0.422	0.408	0.427	0.417	0.398	0.41	0.403	0.426	0.447	0.456	0.432	0.447	0.447	0.427	0.447	0.426	0.404	0.423	0.416	0.426	0.444	0.446	0.425	0.442	0.434	0.432	0.448	0.437	0.393	0.409	0.395	0.412	0.439	0.441	0.43	0.441	0.429	0.418	0.443	0.437	0.414	0.425	0.409	0.403	0.42	0.419	0.413	0.415	0.416	0.038	0.035	0.038	0.036	0.043	0.037	0.395	0.413	0.417	0.41	0.419	0.421	0.422	0.404	0.414	0.418	0.036	0.038	0.395	0.413	0.417	0.398	0.421	0.422	0.397	0.412	0.417	0.399	0.405	0.411
195	0.394	0.419	0.415	0.401	0.432	0.432	0.41	0.428	0.427	0.414	0.424	0.404	0.408	0.431	0.424	0.424	0.43	0.426	0.408	0.419	0.418	0.396	0.412	0.396	0.418	0.443	0.449	0.441	0.445	0.446	0.428	0.449	0.424	0.41	0.431	0.417	0.425	0.451	0.453	0.426	0.448	0.444	0.44	0.454	0.441	0.394	0.413	0.404	0.411	0.429	0.441	0.433	0.448	0.433	0.421	0.436	0.43	0.409	0.423	0.404	0.401	0.416	0.417	0.407	0.414	0.409	0.039	0.036	0.039	0.037	0.043	0.037	0.391	0.409	0.419	0.408	0.42	0.414	0.419	0.398	0.411	0.402	0.037	0.038	0.393	0.405	0.407	0.4	0.415	0.413	0.398	0.409	0.412	0.393	0.404	0.406
210	0.386	0.412	0.419	0.406	0.428	0.428	0.402	0.423	0.419	0.401	0.409	0.391	0.406	0.439	0.429	0.417	0.419	0.415	0.407	0.418	0.402	0.396	0.411	0.397	0.413	0.432	0.443	0.432	0.442	0.445	0.425	0.443	0.433	0.412	0.429	0.42	0.431	0.458	0.454	0.426	0.439	0.439	0.435	0.456	0.445	0.389	0.411	0.406	0.408	0.431	0.44	0.436	0.445	0.436	0.418	0.442	0.43	0.406	0.428	0.408	0.399	0.415	0.41	0.404	0.41	0.403	0.039	0.035	0.039	0.036	0.043	0.036	0.397	0.408	0.412	0.405	0.417	0.416	0.413	0.401	0.416	0.41	0.036	0.037	0.383	0.394	0.402	0.382	0.406	0.397	0.383	0.403	0.406	0.382	0.39	0.394
225	0.384	0.41	0.421	0.407	0.436	0.437	0.406	0.425	0.424	0.404	0.418	0.395	0.401	0.432	0.421	0.417	0.418	0.42	0.399	0.409	0.406	0.386	0.399	0.387	0.412	0.434	0.438	0.431	0.435	0.435	0.418	0.437	0.419	0.4	0.418	0.41	0.424	0.45	0.441	0.42	0.435	0.437	0.438	0.456	0.452	0.393	0.414	0.403	0.409	0.431	0.436	0.433	0.443	0.434	0.414	0.439	0.427	0.403	0.431	0.4	0.403	0.414	0.417	0.415	0.422	0.414	0.039	0.035	0.039	0.036	0.043	0.036	0.387	0.411	0.412	0.402	0.406	0.41	0.407	0.386	0.397	0.39	0.036	0.038	0.379	0.391	0.397	0.378	0.394	0.39	0.379	0.393	0.394	0.372	0.381	0.37
240	0.385	0.412	0.411	0.39	0.416	0.417	0.384	0.399	0.392	0.37	0.382	0.371	0.398	0.431	0.416	0.413	0.42	0.418	0.409	0.426	0.418	0.402	0.412	0.402	0.408	0.437	0.445	0.424	0.426	0.431	0.408	0.425	0.406	0.387	0.403	0.393	0.427	0.441	0.446	0.415	0.435	0.425	0.433	0.456	0.446	0.375	0.404	0.392	0.404	0.428	0.434	0.429	0.438	0.427	0.41	0.43	0.418	0.397	0.412	0.394	0.398	0.412	0.406	0.406	0.409	0.403	0.039	0.036	0.039	0.037	0.043	0.036	0.39	0.402	0.406	0.404	0.409	0.404	0.41	0.39	0.395	0.394	0.037	0.038	0.374	0.39	0.391	0.372	0.394	0.392	0.373	0.387	0.394	0.371	0.378	0.377
255	0.378	0.407	0.412	0.388	0.423	0.422	0.388	0.409	0.401	0.385	0.4	0.372	0.4	0.431	0.425	0.406	0.409	0.402	0.385	0.39	0.389	0.375	0.376	0.37	0.398	0.415	0.418	0.416	0.429	0.435	0.408	0.429	0.415	0.391	0.41	0.407	0.421	0.443	0.45	0.42	0.434	0.433	0.44	0.454	0.447	0.383	0.398	0.387	0.398	0.428	0.432	0.429	0.439	0.43	0.409	0.434	0.42	0.395	0.413	0.4	0.396	0.419	0.413	0.405	0.403	0.403	0.038	0.035	0.038	0.036	0.043	0.036	0.383	0.398	0.404	0.395	0.4	0.396	0.392	0.376	0.396	0.389	0.036	0.037	0.372	0.384	0.39	0.368	0.385	0.378	0.37	0.38	0.388	0.37	0.371	0.364
270	0.376	0.403	0.406	0.403	0.426	0.423	0.402	0.417	0.427	0.396	0.397	0.388	0.393	0.427	0.419	0.404	0.41	0.407	0.389	0.397	0.396	0.382	0.387	0.377	0.4	0.428	0.435	0.426	0.434	0.432	0.412	0.435	0.422	0.401	0.416	0.404	0.426	0.446	0.453	0.425	0.439	0.435	0.445	0.461	0.458	0.389	0.406	0.388	0.407	0.435	0.441	0.426	0.434	0.427	0.404	0.423	0.42	0.391	0.412	0.392	0.393	0.406	0.403	0.394	0.403	0.399	0.039	0.035	0.039	0.037	0.043	0.037	0.38	0.399	0.402	0.397	0.403	0.402	0.405	0.386	0.398	0.395	0.036	0.038	0.376	0.391	0.394	0.381	0.398	0.391	0.381	0.406	0.395	0.381	0.395	0.367
285	0.377	0.407	0.413	0.401	0.431	0.429	0.395	0.408	0.407	0.39	0.395	0.374	0.391	0.427	0.415	0.405	0.401	0.39	0.374	0.387	0.39	0.377	0.382	0.374	0.402	0.431	0.434	0.431	0.434	0.433	0.411	0.429	0.422	0.396	0.409	0.399	0.422	0.45	0.445	0.416	0.431	0.43	0.448	0.455	0.457	0.383	0.395	0.373	0.396	0.425	0.435	0.421	0.432	0.418	0.394	0.415	0.405	0.382	0.4	0.377	0.387	0.401	0.403	0.393	0.394	0.388	0.039	0.035	0.038	0.036	0.043	0.036	0.374	0.392	0.399	0.39	0.396	0.397	0.395	0.374	0.385	0.378	0.037	0.037	0.371	0.391	0.394	0.367	0.389	0.381	0.365	0.387	0.387	0.362	0.368	0.367
300	0.375	0.403	0.409	0.396	0.422	0.419	0.392	0.407	0.406	0.382	0.389	0.369	0.395	0.428	0.42	0.416	0.422	0.413	0.391	0.411	0.4	0.373	0.393	0.367	0.4	0.431	0.427	0.416	0.423	0.417	0.395	0.407	0.392	0.377	0.384	0.384	0.417	0.436	0.439	0.412	0.431	0.42	0.452	0.46	0.46	0.378	0.402	0.385	0.401	0.428	0.438	0.427	0.416	0.418	0.399	0.403	0.388	0.376	0.389	0.384	0.383	0.4	0.399	0.389	0.392	0.391	0.039	0.035	0.038	0.036	0.042	0.036	0.376	0.394	0.397	0.392	0.392	0.396	0.398	0.381	0.39	0.383	0.037	0.038	0.366	0.382	0.387	0.361	0.381	0.374	0.367	0.38	0.383	0.358	0.367	0.36
315	0.373	0.402	0.412	0.398	0.424	0.421	0.389	0.408	0.405	0.378	0.388	0.366	0.391	0.425	0.419	0.411	0.415	0.411	0.393	0.409	0.403	0.383	0.387	0.378	0.402	0.429	0.433	0.417	0.419	0.419	0.396	0.411	0.396	0.38	0.396	0.387	0.421	0.442	0.446	0.418	0.428	0.422	0.454	0.463	0.462	0.378	0.391	0.381	0.393	0.427	0.433	0.425	0.431	0.42	0.39	0.405	0.398	0.383	0.385	0.372	0.379	0.4	0.395	0.389	0.39	0.393	0.038	0.035	0.038	0.036	0.043	0.036	0.371	0.389	0.393	0.391	0.394	0.388	0.393	0.372	0.387	0.378	0.036	0.037	0.361	0.377	0.383	0.355	0.373	0.371	0.365	0.376	0.372	0.349	0.354	0.351
330	0.371	0.404	0.401	0.382	0.407	0.412	0.381	0.397	0.389	0.373	0.388	0.369	0.387	0.425	0.413	0.411	0.416	0.409	0.397	0.404	0.404	0.391	0.4	0.389	0.397	0.432	0.434	0.423	0.42	0.421	0.401	0.425	0.399	0.384	0.404	0.386	0.427	0.452	0.452	0.408	0.428	0.429	0.464	0.474	0.471	0.364	0.393	0.369	0.391	0.42	0.423	0.42	0.434	0.419	0.396	0.412	0.402	0.376	0.393	0.371	0.38	0.398	0.399	0.388	0.397	0.381	0.039	0.036	0.039	0.037	0.043	0.036	0.37	0.39	0.392	0.386	0.395	0.396	0.395	0.375	0.387	0.382	0.038	0.038	0.363	0.383	0.388	0.356	0.378	0.375	0.367	0.376	0.375	0.351	0.355	0.346
345	0.368	0.397	0.404	0.389	0.418	0.418	0.388	0.406	0.402	0.378	0.39	0.361	0.387	0.43	0.416	0.424	0.42	0.422	0.4	0.413	0.403	0.385	0.388	0.367	0.39	0.423	0.425	0.406	0.416	0.414	0.397	0.405	0.387	0.374	0.387	0.377	0.422	0.446	0.452	0.415	0.421	0.419	0.466	0.47	0.472	0.374	0.389	0.371	0.39	0.417	0.422	0.419	0.435	0.425	0.387	0.415	0.404	0.377	0.393	0.376	0.377	0.396	0.395	0.389	0.391	0.381	0.038	0.035	0.039	0.036	0.042	0.036	0.367	0.385	0.391	0.385	0.391	0.388	0.387	0.367	0.379	0.371	0.036	0.037	0.366	0.379	0.386	0.347	0.371	0.365	0.36	0.375	0.377	0.345	0.349	0.347
360	0.366	0.395	0.4	0.387	0.418	0.418	0.388	0.405	0.407	0.38	0.395	0.372	0.383	0.423	0.415	0.413	0.414	0.396	0.375	0.389	0.379	0.362	0.368	0.363	0.393	0.423	0.427	0.419	0.423	0.423	0.401	0.417	0.399	0.381	0.403	0.384	0.432	0.454	0.458	0.414	0.424	0.419	0.479	0.489	0.487	0.373	0.395	0.381	0.39	0.414	0.418	0.421	0.433	0.417	0.393	0.408	0.399	0.371	0.387	0.362	0.377	0.395	0.393	0.386	0.392	0.38	0.038	0.035	0.038	0.036	0.042	0.036	0.365	0.381	0.391	0.389	0.396	0.391	0.393	0.371	0.379	0.374	0.036	0.037	0.367	0.38	0.388	0.35	0.373	0.363	0.362	0.372	0.378	0.35	0.349	0.349
375	0.367	0.4	0.403	0.386	0.412	0.414	0.38	0.399	0.387	0.37	0.376	0.358	0.379	0.423	0.412	0.401	0.405	0.397	0.381	0.383	0.383	0.367	0.382	0.356	0.389	0.425	0.426	0.412	0.417	0.425	0.402	0.42	0.402	0.397	0.414	0.39	0.439	0.465	0.467	0.419	0.429	0.427	0.498	0.502	0.499	0.375	0.393	0.371	0.386	0.412	0.419	0.422	0.429	0.42	0.388	0.404	0.391	0.37	0.384	0.362	0.373	0.39	0.387	0.383	0.391	0.381	0.039	0.036	0.038	0.036	0.043	0.036	0.366	0.386	0.392	0.387	0.394	0.398	0.391	0.372	0.382	0.375	0.037	0.038	0.365	0.374	0.384	0.344	0.365	0.357	0.358	0.372	0.372	0.336	0.337	0.332
390	0.366	0.396	0.406	0.398	0.425	0.421	0.386	0.409	0.407	0.378	0.391	0.362	0.385	0.429	0.417	0.416	0.418	0.41	0.385	0.392	0.387	0.369	0.37	0.355	0.388	0.424	0.427	0.412	0.418	0.415	0.392	0.413	0.393	0.38	0.398	0.381	0.437	0.462	0.469	0.411	0.421	0.413	0.497	0.499	0.502	0.377	0.392	0.378	0.38	0.412	0.423	0.426	0.434	0.427	0.39	0.409	0.392	0.373	0.384	0.364	0.376	0.396	0.392	0.387	0.388	0.381	0.038	0.035	0.038	0.036	0.042	0.036	0.363	0.384	0.386	0.38	0.382	0.385	0.373	0.353	0.359	0.352	0.036	0.037	0.366	0.378	0.382	0.339	0.36	0.353	0.36	0.367	0.371	0.333	0.336	0.33
405	0.361	0.393	0.397	0.38	0.408	0.411	0.376	0.396	0.392	0.373	0.379	0.364	0.381	0.428	0.417	0.411	0.421	0.411	0.388	0.397	0.394	0.373	0.385	0.367	0.386	0.423	0.425	0.408	0.411	0.417	0.397	0.408	0.39	0.381	0.406	0.384	0.45	0.471	0.482	0.413	0.424	0.416	0.513	0.516	0.517	0.369	0.396	0.377	0.373	0.408	0.415	0.43	0.431	0.427	0.385	0.406	0.393	0.375	0.388	0.366	0.365	0.386	0.386	0.377	0.377	0.374	0.039	0.036	0.038	0.037	0.043	0.036	0.359	0.381	0.386	0.386	0.388	0.394	0.386	0.362	0.37	0.366	0.037	0.038	0.372	0.385	0.393	0.343	0.362	0.358	0.369	0.378	0.382	0.337	0.339	0.333
420	0.362	0.396	0.395	0.385	0.406	0.412	0.373	0.389	0.379	0.373	0.375	0.354	0.375	0.43	0.413	0.405	0.402	0.397	0.372	0.376	0.373	0.36	0.365	0.354	0.386	0.417	0.421	0.405	0.416	0.417	0.401	0.418	0.406	0.391	0.409	0.398	0.459	0.479	0.485	0.414	0.423	0.417	0.521	0.524	0.527	0.368	0.385	0.364	0.378	0.408	0.416	0.432	0.436	0.433	0.388	0.403	0.393	0.37	0.383	0.358	0.366	0.386	0.387	0.377	0.386	0.379	0.038	0.036	0.038	0.036	0.043	0.036	0.358	0.378	0.382	0.38	0.384	0.394	0.386	0.362	0.369	0.364	0.036	0.037	0.375	0.39	0.398	0.337	0.357	0.353	0.369	0.374	0.379	0.333	0.332	0.322
435	0.362	0.397	0.404	0.391	0.415	0.42	0.378	0.396	0.383	0.371	0.378	0.358	0.379	0.438	0.414	0.407	0.408	0.4	0.37	0.378	0.374	0.362	0.366	0.352	0.385	0.412	0.418	0.413	0.418	0.416	0.39	0.411	0.401	0.38	0.395	0.384	0.468	0.489	0.493	0.413	0.424	0.417	0.534	0.529	0.531	0.362	0.385	0.367	0.373	0.406	0.411	0.432	0.44	0.444	0.385	0.401	0.4	0.378	0.391	0.37	0.367	0.39	0.384	0.384	0.384	0.383	0.039	0.036	0.039	0.037	0.043	0.037	0.353	0.376	0.378	0.369	0.377	0.381	0.37	0.347	0.36	0.351	0.038	0.038	0.384	0.393	0.399	0.339	0.354	0.345	0.372	0.376	0.387	0.325	0.326	0.324
450	0.359	0.387	0.398	0.4	0.423	0.427	0.383	0.4	0.4	0.382	0.392	0.359	0.379	0.435	0.408	0.406	0.408	0.402	0.37	0.376	0.372	0.357	0.365	0.346	0.383	0.413	0.417	0.405	0.413	0.408	0.386	0.405	0.396	0.385	0.397	0.38	0.473	0.489	0.5	0.413	0.426	0.416	0.542	0.541	0.553	0.372	0.389	0.368	0.382	0.414	0.417	0.428	0.432	0.423	0.375	0.373	0.367	0.343	0.351	0.335	0.357	0.382	0.38	0.37	0.375	0.374	0.039	0.035	0.038	0.036	0.043	0.036	0.354	0.378	0.38	0.373	0.384	0.393	0.384	0.352	0.366	0.359	0.037	0.037	0.396	0.405	0.417	0.342	0.358	0.361	0.389	0.408	0.396	0.338	0.345	0.338
465	0.352	0.386	0.391	0.394	0.424	0.419	0.379	0.399	0.4	0.39	0.397	0.362	0.374	0.435	0.406	0.406	0.409	0.402	0.371	0.377	0.379	0.362	0.368	0.348	0.381	0.418	0.419	0.408	0.411	0.411	0.392	0.41	0.389	0.384	0.399	0.387	0.486	0.5	0.505	0.411	0.421	0.411	0.56	0.555	0.566	0.367	0.393	0.369	0.373	0.405	0.41	0.438	0.446	0.435	0.376	0.395	0.398	0.367	0.38	0.365	0.354	0.38	0.374	0.369	0.375	0.369	0.038	0.035	0.038	0.036	0.042	0.036	0.353	0.375	0.38	0.376	0.386	0.394	0.39	0.354	0.363	0.353	0.037	0.038	0.408	0.418	0.427	0.344	0.36	0.364	0.406	0.41	0.404	0.327	0.346	0.331
480	0.356	0.393	0.394	0.394	0.424	0.424	0.38	0.402	0.39	0.377	0.386	0.368	0.373	0.438	0.406	0.412	0.405	0.392	0.358	0.371	0.372	0.358	0.36	0.348	0.378	0.416	0.419	0.405	0.413	0.406	0.387	0.404	0.39	0.385	0.395	0.382	0.497	0.518	0.517	0.419	0.426	0.417	0.581	0.582	0.584	0.374	0.391	0.369	0.377	0.407	0.406	0.439	0.452	0.444	0.375	0.405	0.383	0.373	0.376	0.363	0.361	0.378	0.376	0.369	0.371	0.368	0.039	0.035	0.038	0.036	0.043	0.036	0.353	0.368	0.375	0.373	0.379	0.381	0.368	0.346	0.36	0.35	0.036	0.037	0.412	0.425	0.427	0.331	0.351	0.345	0.405	0.406	0.412	0.323	0.33	0.322
495	0.355	0.39	0.396	0.402	0.428	0.428	0.376	0.393	0.389	0.379	0.384	0.351	0.379	0.449	0.413	0.423	0.422	0.417	0.379	0.378	0.375	0.359	0.368	0.344	0.373	0.408	0.413	0.397	0.399	0.396	0.376	0.392	0.377	0.372	0.384	0.372	0.505	0.518	0.521	0.416	0.421	0.412	0.594	0.587	0.601	0.371	0.393	0.369	0.369	0.405	0.412	0.455	0.46	0.46	0.388	0.394	0.396	0.375	0.393	0.357	0.355	0.377	0.373	0.37	0.373	0.371	0.038	0.035	0.038	0.036	0.043	0.036	0.351	0.373	0.376	0.378	0.382	0.379	0.371	0.344	0.354	0.348	0.036	0.037	0.42	0.432	0.437	0.33	0.345	0.338	0.413	0.417	0.417	0.319	0.326	0.315
510	0.354	0.383	0.387	0.397	0.42	0.422	0.381	0.389	0.389	0.384	0.394	0.364	0.373	0.452	0.409	0.423	0.415	0.416	0.374	0.384	0.372	0.357	0.368	0.346	0.375	0.409	0.411	0.394	0.402	0.405	0.383	0.4	0.38	0.377	0.392	0.381	0.521	0.533	0.534	0.413	0.422	0.409	0.621	0.605	0.607	0.362	0.379	0.365	0.373	0.402	0.409	0.448	0.448	0.463	0.376	0.382	0.382	0.361	0.364	0.347	0.352	0.375	0.374	0.37	0.369	0.368	0.038	0.035	0.038	0.036	0.043	0.036	0.348	0.368	0.375	0.373	0.379	0.382	0.376	0.343	0.353	0.344	0.037	0.038	0.428	0.441	0.442	0.323	0.342	0.336	0.418	0.42	0.426	0.315	0.321	0.316
525	0.349	0.382	0.387	0.391	0.427	0.421	0.374	0.394	0.386	0.384	0.385	0.357	0.374	0.454	0.407	0.421	0.424	0.423	0.376	0.386	0.389	0.366	0.374	0.353	0.375	0.412	0.413	0.397	0.4	0.409	0.381	0.401	0.383	0.391	0.405	0.391	0.532	0.546	0.55	0.419	0.428	0.42	0.638	0.625	0.636	0.372	0.389	0.359	0.362	0.397	0.403	0.459	0.463	0.466	0.385	0.404	0.39	0.37	0.384	0.35	0.351	0.377	0.375	0.369	0.371	0.37	0.038	0.035	0.038	0.036	0.043	0.036	0.346	0.371	0.374	0.381	0.374	0.39	0.378	0.344	0.352	0.349	0.036	0.037	0.429	0.445	0.445	0.316	0.334	0.329	0.424	0.43	0.432	0.309	0.31	0.302
540	0.349	0.384	0.393	0.407	0.433	0.432	0.374	0.396	0.389	0.382	0.386	0.364	0.38	0.464	0.413	0.429	0.433	0.431	0.377	0.397	0.383	0.368	0.375	0.355	0.37	0.405	0.403	0.387	0.4	0.397	0.37	0.391	0.381	0.385	0.388	0.374	0.543	0.558	0.555	0.422	0.428	0.416	0.656	0.644	0.654	0.373	0.396	0.369	0.361	0.398	0.401	0.471	0.474	0.477	0.392	0.41	0.394	0.377	0.393	0.366	0.357	0.375	0.374	0.375	0.375	0.367	0.039	0.036	0.039	0.036	0.042	0.036	0.348	0.372	0.376	0.379	0.38	0.387	0.38	0.344	0.358	0.344	0.037	0.038	0.442	0.457	0.459	0.325	0.336	0.333	0.436	0.437	0.438	0.313	0.315	0.306
555	0.346	0.377	0.373	0.402	0.429	0.431	0.37	0.391	0.373	0.374	0.395	0.36	0.379	0.469	0.418	0.431	0.432	0.434	0.375	0.383	0.377	0.36	0.363	0.352	0.374	0.414	0.412	0.389	0.397	0.4	0.375	0.387	0.371	0.385	0.39	0.379	0.556	0.57	0.569	0.427	0.428	0.421	0.682	0.672	0.679	0.373	0.388	0.366	0.362	0.398	0.406	0.478	0.48	0.488	0.39	0.405	0.396	0.375	0.389	0.359	0.346	0.37	0.366	0.366	0.369	0.364	0.039	0.035	0.039	0.037	0.043	0.037	0.348	0.376	0.375	0.387	0.378	0.388	0.38	0.347	0.354	0.344	0.038	0.038	0.447	0.466	0.462	0.318	0.334	0.329	0.44	0.444	0.444	0.306	0.308	0.301
570	0.347	0.376	0.385	0.412	0.437	0.437	0.371	0.396	0.381	0.393	0.391	0.366	0.378	0.475	0.417	0.432	0.433	0.438	0.378	0.383	0.382	0.361	0.371	0.349	0.371	0.402	0.406	0.393	0.403	0.397	0.379	0.399	0.389	0.391	0.397	0.383	0.567	0.58	0.575	0.425	0.431	0.418	0.71	0.698	0.699	0.372	0.389	0.376	0.363	0.394	0.398	0.489	0.496	0.503	0.394	0.416	0.402	0.373	0.396	0.362	0.348	0.367	0.371	0.371	0.371	0.365	0.038	0.036	0.039	0.037	0.043	0.037	0.349	0.373	0.375	0.382	0.382	0.387	0.381	0.343	0.35	0.34	0.037	0.038	0.456	0.474	0.473	0.314	0.328	0.327	0.444	0.45	0.446	0.307	0.31	0.301
585	0.348	0.371	0.375	0.407	0.441	0.44	0.369	0.395	0.384	0.388	0.402	0.364	0.377	0.479	0.421	0.444	0.443	0.444	0.375	0.385	0.379	0.365	0.371	0.353	0.368	0.403	0.405	0.386	0.402	0.401	0.375	0.392	0.375	0.386	0.398	0.386	0.579	0.587	0.587	0.427	0.425	0.418	0.723	0.722	0.716	0.369	0.382	0.374	0.364	0.396	0.403	0.497	0.5	0.508	0.393	0.41	0.407	0.375	0.391	0.36	0.346	0.371	0.364	0.37	0.366	0.359	0.039	0.035	0.039	0.036	0.043	0.037	0.347	0.373	0.372	0.38	0.374	0.389	0.385	0.337	0.346	0.339	0.037	0.038	0.458	0.477	0.478	0.312	0.326	0.326	0.448	0.452	0.45	0.302	0.309	0.302
600	0.346	0.38	0.389	0.421	0.451	0.446	0.378	0.401	0.386	0.397	0.399	0.376	0.374	0.48	0.419	0.433	0.431	0.432	0.359	0.364	0.358	0.348	0.346	0.334	0.372	0.406	0.403	0.397	0.408	0.402	0.38	0.395	0.388	0.395	0.4	0.388	0.591	0.607	0.603	0.439	0.444	0.426	0.76	0.751	0.754	0.382	0.404	0.371	0.36	0.397	0.406	0.508	0.511	0.521	0.394	0.416	0.399	0.375	0.392	0.354	0.343	0.369	0.365	0.373	0.376	0.368	0.039	0.036	0.039	0.037	0.043	0.037	0.349	0.378	0.374	0.389	0.376	0.397	0.382	0.344	0.349	0.344	0.037	0.038	0.459	0.484	0.489	0.311	0.328	0.328	0.45	0.456	0.456	0.301	0.304	0.292
615	0.345	0.372	0.382	0.426	0.455	0.449	0.372	0.394	0.386	0.402	0.401	0.371	0.39	0.494	0.422	0.452	0.441	0.444	0.36	0.369	0.362	0.348	0.356	0.335	0.362	0.403	0.397	0.388	0.398	0.391	0.363	0.381	0.372	0.379	0.387	0.379	0.598	0.612	0.605	0.435	0.435	0.425	0.775	0.774	0.767	0.378	0.399	0.382	0.36	0.388	0.399	0.521	0.524	0.533	0.4	0.42	0.414	0.38	0.396	0.359	0.343	0.368	0.367	0.372	0.372	0.371	0.038	0.035	0.038	0.036	0.043	0.036	0.352	0.372	0.372	0.388	0.379	0.391	0.379	0.334	0.339	0.333	0.036	0.037	0.471	0.495	0.497	0.317	0.328	0.326	0.458	0.461	0.459	0.304	0.306	0.296
630	0.341	0.377	0.378	0.425	0.447	0.453	0.366	0.385	0.371	0.403	0.396	0.372	0.385	0.507	0.431	0.457	0.454	0.457	0.364	0.377	0.373	0.357	0.36	0.349	0.364	0.402	0.403	0.381	0.395	0.392	0.364	0.385	0.372	0.382	0.393	0.38	0.61	0.627	0.619	0.442	0.438	0.428	0.806	0.804	0.803	0.382	0.401	0.382	0.356	0.389	0.4	0.528	0.529	0.547	0.391	0.411	0.409	0.378	0.381	0.351	0.337	0.363	0.357	0.37	0.368	0.367	0.038	0.035	0.038	0.036	0.042	0.036	0.349	0.378	0.373	0.386	0.375	0.394	0.384	0.333	0.34	0.334	0.037	0.037	0.47	0.495	0.499	0.31	0.325	0.324	0.461	0.46	0.464	0.299	0.304	0.295
645	0.341	0.376	0.386	0.438	0.472	0.466	0.373	0.395	0.382	0.411	0.406	0.379	0.394	0.513	0.438	0.461	0.458	0.465	0.363	0.371	0.361	0.354	0.361	0.338	0.361	0.395	0.392	0.388	0.396	0.385	0.368	0.379	0.364	0.381	0.386	0.379	0.624	0.64	0.636	0.455	0.452	0.436	0.838	0.832	0.828	0.393	0.427	0.393	0.358	0.393	0.4	0.55	0.557	0.563	0.41	0.43	0.419	0.384	0.408	0.369	0.341	0.364	0.361	0.378	0.372	0.376	0.039	0.035	0.039	0.036	0.043	0.036	0.355	0.379	0.374	0.393	0.382	0.394	0.387	0.332	0.341	0.329	0.036	0.037	0.473	0.498	0.503	0.313	0.323	0.323	0.462	0.472	0.466	0.297	0.299	0.29
660	0.338	0.375	0.37	0.438	0.463	0.465	0.377	0.402	0.388	0.42	0.423	0.391	0.395	0.52	0.433	0.463	0.464	0.474	0.359	0.372	0.37	0.358	0.362	0.34	0.359	0.395	0.403	0.388	0.394	0.391	0.369	0.383	0.37	0.397	0.4	0.39	0.629	0.647	0.644	0.457	0.453	0.437	0.858	0.864	0.856	0.391	0.412	0.397	0.355	0.39	0.401	0.566	0.563	0.584	0.406	0.428	0.423	0.377	0.392	0.364	0.336	0.361	0.363	0.378	0.374	0.374	0.039	0.036	0.038	0.037	0.043	0.036	0.356	0.383	0.378	0.391	0.388	0.401	0.392	0.333	0.336	0.33	0.037	0.038	0.482	0.504	0.505	0.308	0.318	0.314	0.465	0.463	0.461	0.292	0.293	0.285
675	0.34	0.368	0.371	0.436	0.468	0.464	0.368	0.398	0.364	0.414	0.42	0.391	0.392	0.525	0.427	0.459	0.453	0.468	0.356	0.359	0.36	0.354	0.356	0.333	0.355	0.388	0.392	0.379	0.388	0.386	0.362	0.38	0.366	0.395	0.397	0.389	0.645	0.656	0.647	0.457	0.453	0.437	0.903	0.9	0.89	0.394	0.419	0.396	0.353	0.389	0.402	0.578	0.581	0.594	0.415	0.434	0.419	0.384	0.407	0.37	0.339	0.365	0.368	0.388	0.378	0.382	0.038	0.036	0.038	0.036	0.043	0.036	0.355	0.384	0.38	0.396	0.385	0.395	0.388	0.325	0.337	0.326	0.037	0.037	0.491	0.513	0.516	0.312	0.325	0.324	0.478	0.474	0.475	0.293	0.296	0.29
690	0.338	0.368	0.38	0.46	0.486	0.485	0.371	0.39	0.384	0.429	0.424	0.399	0.396	0.538	0.44	0.473	0.468	0.479	0.36	0.36	0.358	0.349	0.353	0.331	0.361	0.397	0.397	0.38	0.39	0.39	0.362	0.371	0.371	0.397	0.398	0.389	0.648	0.665	0.661	0.467	0.454	0.448	0.928	0.926	0.911	0.405	0.432	0.405	0.354	0.389	0.406	0.598	0.598	0.623	0.422	0.451	0.435	0.39	0.418	0.379	0.333	0.355	0.353	0.384	0.373	0.378	0.038	0.035	0.038	0.036	0.043	0.036	0.358	0.38	0.382	0.399	0.388	0.402	0.398	0.329	0.338	0.325	0.037	0.037	0.498	0.517	0.524	0.313	0.326	0.326	0.485	0.479	0.48	0.292	0.295	0.281
705	0.338	0.367	0.372	0.467	0.485	0.486	0.37	0.394	0.383	0.442	0.435	0.409	0.398	0.554	0.442	0.483	0.473	0.485	0.351	0.357	0.354	0.344	0.348	0.329	0.362	0.397	0.395	0.387	0.39	0.385	0.364	0.379	0.37	0.405	0.408	0.396	0.668	0.688	0.681	0.481	0.468	0.451	0.958	0.972	0.941	0.406	0.424	0.402	0.355	0.396	0.407	0.617	0.614	0.643	0.429	0.45	0.442	0.395	0.422	0.384	0.327	0.359	0.349	0.39	0.375	0.377	0.039	0.035	0.038	0.036	0.043	0.036	0.363	0.384	0.383	0.404	0.395	0.409	0.404	0.329	0.342	0.327	0.037	0.037	0.504	0.524	0.53	0.318	0.33	0.328	0.491	0.489	0.486	0.288	0.298	0.29
720	0.335	0.359	0.372	0.477	0.511	0.506	0.375	0.405	0.384	0.459	0.449	0.421	0.403	0.563	0.45	0.494	0.491	0.506	0.363	0.366	0.358	0.35	0.355	0.329	0.357	0.4	0.39	0.383	0.387	0.386	0.362	0.379	0.367	0.406	0.411	0.398	0.668	0.689	0.682	0.488	0.471	0.46	1.009	1.006	0.974	0.408	0.429	0.414	0.357	0.391	0.403	0.636	0.627	0.659	0.428	0.439	0.435	0.387	0.41	0.375	0.333	0.357	0.349	0.394	0.382	0.379	0.038	0.036	0.038	0.036	0.043	0.036	0.363	0.391	0.385	0.411	0.398	0.42	0.407	0.331	0.341	0.327	0.037	0.037	0.507	0.525	0.528	0.305	0.321	0.318	0.498	0.491	0.501	0.286	0.292	0.281
735	0.336	0.365	0.372	0.483	0.519	0.511	0.38	0.405	0.384	0.467	0.455	0.436	0.407	0.576	0.45	0.5	0.492	0.503	0.353	0.358	0.353	0.343	0.358	0.338	0.36	0.397	0.397	0.39	0.397	0.392	0.369	0.388	0.376	0.415	0.419	0.407	0.693	0.71	0.703	0.496	0.478	0.469	1.042	1.047	1.004	0.405	0.432	0.417	0.359	0.391	0.407	0.653	0.649	0.683	0.439	0.458	0.449	0.396	0.424	0.388	0.33	0.353	0.351	0.401	0.386	0.384	0.039	0.036	0.039	0.037	0.043	0.037	0.37	0.395	0.391	0.42	0.407	0.424	0.421	0.333	0.341	0.323	0.037	0.038	0.528	0.545	0.546	0.311	0.326	0.324	0.509	0.504	0.508	0.289	0.294	0.283
750	0.334	0.369	0.376	0.499	0.531	0.529	0.382	0.401	0.389	0.478	0.468	0.435	0.415	0.584	0.469	0.524	0.513	0.522	0.359	0.365	0.361	0.348	0.353	0.321	0.355	0.393	0.392	0.384	0.385	0.375	0.354	0.367	0.355	0.409	0.41	0.403	0.694	0.71	0.702	0.509	0.487	0.476	1.048	1.088	1.037	0.42	0.457	0.438	0.364	0.397	0.416	0.675	0.671	0.708	0.448	0.475	0.458	0.402	0.436	0.394	0.327	0.354	0.35	0.408	0.392	0.396	0.038	0.035	0.038	0.036	0.043	0.036	0.376	0.396	0.394	0.423	0.409	0.428	0.424	0.33	0.337	0.325	0.036	0.037	0.528	0.547	0.549	0.306	0.321	0.319	0.511	0.499	0.509	0.283	0.291	0.286
765	0.328	0.366	0.371	0.51	0.53	0.541	0.386	0.401	0.38	0.495	0.498	0.453	0.413	0.599	0.46	0.517	0.506	0.521	0.349	0.357	0.355	0.347	0.352	0.327	0.359	0.4	0.395	0.381	0.388	0.385	0.36	0.377	0.361	0.416	0.418	0.404	0.707	0.729	0.721	0.524	0.497	0.489	1.096	1.113	1.072	0.435	0.467	0.451	0.365	0.395	0.41	0.693	0.687	0.728	0.449	0.473	0.461	0.404	0.442	0.405	0.327	0.346	0.345	0.414	0.393	0.399	0.039	0.036	0.038	0.037	0.043	0.037	0.385	0.403	0.403	0.438	0.422	0.445	0.44	0.339	0.345	0.33	0.037	0.038	0.528	0.549	0.545	0.31	0.328	0.326	0.505	0.508	0.505	0.289	0.298	0.286
780	0.333	0.365	0.377	0.524	0.552	0.547	0.382	0.412	0.392	0.512	0.497	0.469	0.417	0.593	0.462	0.519	0.51	0.532	0.34	0.35	0.349	0.349	0.34	0.329	0.357	0.396	0.393	0.384	0.388	0.384	0.358	0.374	0.361	0.419	0.421	0.414	0.719	0.739	0.734	0.537	0.512	0.498	1.15	1.152	1.103	0.438	0.46	0.435	0.364	0.398	0.414	0.717	0.712	0.754	0.464	0.475	0.473	0.404	0.449	0.404	0.323	0.344	0.347	0.419	0.396	0.399	0.038	0.036	0.038	0.036	0.043	0.036	0.382	0.409	0.401	0.438	0.423	0.445	0.443	0.33	0.335	0.322	0.036	0.037	0.546	0.557	0.555	0.309	0.324	0.325	0.524	0.52	0.514	0.284	0.282	0.277
795	0.333	0.367	0.378	0.535	0.56	0.558	0.381	0.412	0.388	0.524	0.51	0.475	0.425	0.627	0.48	0.549	0.544	0.565	0.365	0.368	0.359	0.357	0.369	0.341	0.349	0.381	0.378	0.365	0.378	0.372	0.344	0.358	0.343	0.413	0.417	0.406	0.726	0.747	0.743	0.548	0.512	0.504	1.16	1.188	1.139	0.449	0.486	0.456	0.361	0.397	0.422	0.74	0.732	0.767	0.465	0.499	0.486	0.418	0.453	0.414	0.323	0.352	0.346	0.429	0.405	0.415	0.038	0.035	0.038	0.036	0.043	0.036	0.391	0.414	0.406	0.446	0.426	0.454	0.446	0.33	0.338	0.318	0.037	0.037	0.554	0.572	0.567	0.31	0.329	0.324	0.535	0.532	0.527	0.282	0.286	0.275
810	0.331	0.366	0.373	0.55	0.574	0.568	0.381	0.413	0.393	0.54	0.526	0.492	0.437	0.635	0.497	0.565	0.566	0.58	0.357	0.358	0.36	0.349	0.35	0.324	0.348	0.39	0.39	0.376	0.381	0.376	0.348	0.361	0.344	0.433	0.434	0.427	0.736	0.753	0.752	0.554	0.52	0.513	1.189	1.225	1.163	0.449	0.485	0.465	0.37	0.399	0.426	0.761	0.75	0.792	0.471	0.487	0.496	0.422	0.458	0.426	0.318	0.343	0.338	0.437	0.411	0.418	0.039	0.035	0.038	0.036	0.043	0.036	0.396	0.423	0.414	0.459	0.438	0.466	0.461	0.33	0.336	0.322	0.037	0.037	0.557	0.572	0.573	0.319	0.331	0.325	0.535	0.531	0.525	0.282	0.291	0.279
825	0.33	0.361	0.368	0.561	0.588	0.586	0.386	0.426	0.391	0.56	0.546	0.52	0.437	0.637	0.486	0.547	0.553	0.579	0.341	0.349	0.35	0.349	0.353	0.334	0.354	0.396	0.392	0.383	0.386	0.381	0.353	0.366	0.354	0.443	0.44	0.434	0.755	0.778	0.769	0.573	0.534	0.524	1.247	1.251	1.195	0.457	0.487	0.465	0.37	0.402	0.43	0.783	0.776	0.814	0.486	0.506	0.5	0.425	0.469	0.423	0.316	0.346	0.341	0.448	0.415	0.423	0.039	0.036	0.038	0.036	0.043	0.036	0.403	0.425	0.411	0.471	0.447	0.473	0.463	0.331	0.337	0.325	0.037	0.037	0.56	0.58	0.574	0.308	0.327	0.327	0.547	0.538	0.536	0.277	0.283	0.27
840	0.329	0.364	0.374	0.578	0.599	0.601	0.388	0.419	0.394	0.578	0.561	0.526	0.445	0.663	0.512	0.58	0.588	0.611	0.36	0.363	0.358	0.358	0.362	0.327	0.351	0.395	0.385	0.379	0.386	0.374	0.349	0.365	0.35	0.455	0.453	0.459	0.755	0.781	0.777	0.593	0.544	0.542	1.277	1.289	1.23	0.471	0.512	0.488	0.374	0.41	0.433	0.81	0.795	0.84	0.504	0.534	0.522	0.443	0.487	0.445	0.318	0.346	0.342	0.46	0.426	0.442	0.039	0.036	0.039	0.037	0.043	0.037	0.416	0.442	0.424	0.482	0.465	0.489	0.488	0.339	0.343	0.325	0.037	0.038	0.571	0.589	0.582	0.315	0.333	0.331	0.55	0.545	0.551	0.283	0.283	0.28
855	0.325	0.359	0.369	0.593	0.615	0.621	0.391	0.428	0.401	0.599	0.584	0.555	0.444	0.685	0.508	0.578	0.584	0.617	0.342	0.355	0.347	0.355	0.352	0.333	0.358	0.393	0.392	0.382	0.383	0.378	0.348	0.365	0.351	0.46	0.47	0.463	0.772	0.799	0.798	0.608	0.563	0.554	1.313	1.336	1.257	0.485	0.513	0.494	0.377	0.41	0.444	0.827	0.822	0.853	0.505	0.54	0.527	0.45	0.483	0.448	0.321	0.346	0.34	0.469	0.438	0.447	0.039	0.035	0.039	0.036	0.043	0.037	0.424	0.452	0.43	0.495	0.471	0.501	0.495	0.332	0.338	0.32	0.037	0.038	0.579	0.593	0.585	0.313	0.336	0.336	0.563	0.55	0.557	0.278	0.281	0.272
870	0.328	0.361	0.371	0.607	0.632	0.629	0.393	0.426	0.403	0.618	0.603	0.566	0.45	0.699	0.512	0.595	0.615	0.636	0.355	0.355	0.353	0.365	0.379	0.343	0.344	0.38	0.374	0.362	0.376	0.375	0.344	0.357	0.341	0.467	0.464	0.47	0.778	0.805	0.804	0.633	0.576	0.566	1.346	1.359	1.286	0.502	0.535	0.511	0.383	0.412	0.447	0.851	0.847	0.877	0.529	0.556	0.548	0.455	0.506	0.459	0.318	0.34	0.343	0.488	0.458	0.463	0.039	0.036	0.038	0.036	0.043	0.037	0.431	0.461	0.438	0.506	0.482	0.515	0.509	0.332	0.34	0.327	0.037	0.037	0.589	0.607	0.601	0.322	0.339	0.338	0.572	0.569	0.567	0.274	0.282	0.274
885	0.321	0.356	0.362	0.619	0.643	0.637	0.391	0.433	0.4	0.644	0.626	0.597	0.456	0.712	0.534	0.606	0.625	0.644	0.341	0.346	0.35	0.36	0.36	0.335	0.353	0.396	0.393	0.382	0.386	0.381	0.347	0.366	0.347	0.494	0.489	0.49	0.792	0.818	0.82	0.633	0.591	0.576	1.383	1.387	1.318	0.505	0.538	0.528	0.391	0.422	0.457	0.873	0.868	0.906	0.537	0.571	0.556	0.454	0.508	0.458	0.317	0.342	0.335	0.498	0.46	0.476	0.038	0.034	0.038	0.036	0.042	0.037	0.443	0.473	0.447	0.528	0.503	0.528	0.523	0.333	0.338	0.326	0.037	0.037	0.588	0.609	0.603	0.327	0.348	0.35	0.569	0.562	0.571	0.286	0.285	0.282
900	0.324	0.357	0.363	0.638	0.667	0.668	0.405	0.438	0.414	0.669	0.651	0.614	0.462	0.727	0.535	0.606	0.632	0.651	0.336	0.343	0.344	0.359	0.359	0.338	0.351	0.391	0.385	0.382	0.386	0.378	0.349	0.366	0.351	0.507	0.501	0.508	0.81	0.829	0.83	0.672	0.607	0.596	1.414	1.441	1.345	0.518	0.545	0.533	0.391	0.425	0.463	0.897	0.893	0.928	0.548	0.586	0.563	0.473	0.524	0.476	0.313	0.34	0.336	0.515	0.47	0.484	0.039	0.036	0.039	0.037	0.043	0.037	0.449	0.481	0.455	0.536	0.515	0.549	0.545	0.337	0.345	0.33	0.038	0.038	0.599	0.618	0.614	0.326	0.34	0.344	0.582	0.58	0.581	0.275	0.278	0.269
915	0.328	0.359	0.366	0.656	0.68	0.68	0.404	0.443	0.412	0.692	0.666	0.634	0.472	0.761	0.561	0.656	0.676	0.683	0.35	0.35	0.348	0.356	0.36	0.33	0.35	0.393	0.386	0.381	0.386	0.374	0.345	0.357	0.344	0.52	0.514	0.532	0.815	0.839	0.842	0.666	0.618	0.612	1.465	1.466	1.364	0.537	0.563	0.556	0.403	0.431	0.479	0.918	0.913	0.949	0.571	0.609	0.588	0.483	0.536	0.486	0.313	0.338	0.337	0.529	0.488	0.503	0.039	0.035	0.039	0.037	0.043	0.037	0.463	0.492	0.466	0.555	0.535	0.573	0.563	0.347	0.354	0.339	0.037	0.038	0.612	0.631	0.623	0.33	0.351	0.352	0.588	0.583	0.58	0.276	0.279	0.281
930	0.313	0.35	0.36	0.671	0.703	0.699	0.412	0.446	0.417	0.718	0.7	0.666	0.473	0.763	0.571	0.642	0.684	0.689	0.34	0.342	0.34	0.364	0.369	0.341	0.351	0.397	0.387	0.381	0.384	0.377	0.345	0.36	0.343	0.539	0.535	0.548	0.828	0.855	0.853	0.7	0.636	0.623	1.492	1.513	1.395	0.54	0.569	0.577	0.409	0.433	0.489	0.938	0.932	0.966	0.583	0.611	0.6	0.488	0.547	0.497	0.312	0.337	0.337	0.545	0.498	0.52	0.038	0.035	0.038	0.036	0.042	0.036	0.476	0.507	0.477	0.582	0.553	0.585	0.576	0.342	0.346	0.334	0.037	0.037	0.607	0.631	0.623	0.336	0.356	0.357	0.59	0.584	0.593	0.283	0.285	0.279
945	0.323	0.355	0.367	0.695	0.722	0.724	0.413	0.449	0.422	0.748	0.719	0.687	0.476	0.774	0.564	0.646	0.691	0.694	0.34	0.348	0.344	0.373	0.371	0.351	0.352	0.39	0.387	0.383	0.386	0.378	0.342	0.359	0.35	0.564	0.557	0.582	0.849	0.873	0.871	0.716	0.656	0.645	1.531	1.551	1.426	0.556	0.588	0.576	0.421	0.449	0.499	0.966	0.956	0.988	0.594	0.638	0.617	0.5	0.568	0.499	0.313	0.337	0.33	0.565	0.511	0.535	0.039	0.036	0.039	0.037	0.043	0.037	0.486	0.524	0.489	0.595	0.568	0.609	0.598	0.345	0.348	0.334	0.038	0.038	0.62	0.64	0.633	0.334	0.35	0.351	0.607	0.607	0.606	0.269	0.277	0.272
960	0.319	0.355	0.367	0.717	0.739	0.737	0.409	0.451	0.424	0.768	0.737	0.696	0.488	0.8	0.581	0.696	0.736	0.726	0.346	0.348	0.344	0.364	0.374	0.342	0.348	0.393	0.389	0.383	0.385	0.377	0.343	0.355	0.339	0.579	0.576	0.61	0.856	0.881	0.881	0.74	0.674	0.662	1.558	1.592	1.443	0.574	0.599	0.609	0.428	0.452	0.514	0.981	0.977	1.006	0.611	0.658	0.636	0.515	0.583	0.52	0.308	0.33	0.329	0.585	0.532	0.56	0.039	0.035	0.039	0.036	0.043	0.036	0.498	0.535	0.504	0.62	0.587	0.629	0.618	0.344	0.349	0.33	0.037	0.038	0.637	0.653	0.645	0.339	0.356	0.356	0.62	0.614	0.616	0.27	0.275	0.268
975	0.319	0.35	0.358	0.737	0.753	0.768	0.412	0.457	0.426	0.8	0.762	0.736	0.49	0.823	0.592	0.692	0.745	0.728	0.336	0.35	0.342	0.372	0.378	0.353	0.352	0.395	0.388	0.384	0.386	0.383	0.339	0.355	0.341	0.606	0.598	0.634	0.869	0.898	0.899	0.78	0.697	0.687	1.608	1.631	1.483	0.589	0.617	0.617	0.435	0.461	0.519	1.003	0.998	1.027	0.622	0.664	0.641	0.517	0.581	0.526	0.307	0.336	0.326	0.603	0.546	0.573	0.039	0.035	0.039	0.036	0.043	0.037	0.508	0.551	0.515	0.644	0.608	0.651	0.639	0.345	0.352	0.331	0.038	0.037	0.633	0.655	0.643	0.343	0.358	0.361	0.614	0.614	0.616	0.268	0.273	0.265
990	0.308	0.35	0.361	0.754	0.779	0.777	0.416	0.458	0.431	0.831	0.79	0.746	0.493	0.83	0.597	0.711	0.767	0.737	0.349	0.347	0.329	0.369	0.372	0.346	0.346	0.392	0.382	0.374	0.383	0.374	0.332	0.35	0.337	0.625	0.612	0.661	0.876	0.9	0.9	0.776	0.705	0.702	1.655	1.671	1.505	0.605	0.636	0.642	0.45	0.467	0.53	1.021	1.017	1.045	0.652	0.699	0.665	0.536	0.605	0.543	0.308	0.335	0.331	0.626	0.566	0.609	0.039	0.035	0.039	0.036	0.043	0.037	0.524	0.569	0.53	0.665	0.625	0.671	0.663	0.347	0.352	0.334	0.037	0.038	0.646	0.666	0.659	0.347	0.361	0.362	0.631	0.627	0.633	0.268	0.272	0.264
1005	0.312	0.349	0.357	0.781	0.799	0.791	0.424	0.464	0.439	0.858	0.81	0.786	0.501	0.852	0.611	0.711	0.781	0.747	0.334	0.345	0.34	0.382	0.384	0.359	0.351	0.396	0.382	0.387	0.386	0.379	0.334	0.351	0.332	0.654	0.641	0.688	0.892	0.918	0.921	0.835	0.73	0.732	1.709	1.688	1.542	0.621	0.647	0.651	0.455	0.479	0.548	1.04	1.037	1.059	0.661	0.708	0.673	0.541	0.617	0.539	0.305	0.324	0.325	0.642	0.582	0.621	0.038	0.035	0.039	0.036	0.043	0.036	0.539	0.584	0.545	0.688	0.646	0.695	0.689	0.354	0.354	0.337	0.037	0.037	0.65	0.664	0.66	0.349	0.367	0.366	0.624	0.628	0.629	0.267	0.271	0.264
1020	0.314	0.35	0.358	0.808	0.821	0.821	0.427	0.469	0.443	0.89	0.838	0.798	0.511	0.891	0.628	0.735	0.815	0.77	0.341	0.347	0.335	0.382	0.386	0.357	0.35	0.393	0.381	0.376	0.387	0.372	0.329	0.346	0.33	0.683	0.671	0.723	0.906	0.929	0.932	0.819	0.751	0.741	1.751	1.732	1.55	0.645	0.67	0.675	0.472	0.486	0.559	1.056	1.055	1.08	0.693	0.732	0.704	0.564	0.638	0.567	0.305	0.329	0.326	0.669	0.6	0.648	0.039	0.035	0.039	0.036	0.043	0.037	0.557	0.602	0.56	0.706	0.661	0.722	0.716	0.36	0.364	0.347	0.037	0.038	0.657	0.681	0.676	0.353	0.366	0.371	0.639	0.64	0.638	0.268	0.27	0.265
1035	0.311	0.345	0.359	0.828	0.849	0.856	0.431	0.468	0.444	0.918	0.869	0.821	0.515	0.918	0.634	0.744	0.831	0.783	0.34	0.337	0.333	0.385	0.386	0.359	0.347	0.395	0.384	0.382	0.382	0.374	0.325	0.336	0.32	0.715	0.695	0.756	0.918	0.942	0.937	0.873	0.765	0.768	1.802	1.781	1.58	0.655	0.683	0.696	0.48	0.502	0.581	1.076	1.068	1.093	0.701	0.75	0.704	0.563	0.645	0.574	0.302	0.324	0.322	0.686	0.623	0.67	0.039	0.035	0.038	0.036	0.043	0.036	0.571	0.622	0.578	0.74	0.695	0.751	0.747	0.36	0.36	0.347	0.037	0.037	0.657	0.678	0.67	0.358	0.368	0.369	0.638	0.637	0.641	0.261	0.264	0.265
1050	0.31	0.344	0.353	0.85	0.862	0.868	0.434	0.475	0.453	0.937	0.884	0.855	0.527	0.915	0.638	0.755	0.856	0.803	0.337	0.345	0.34	0.399	0.394	0.374	0.352	0.397	0.384	0.384	0.387	0.375	0.326	0.34	0.325	0.744	0.73	0.785	0.933	0.956	0.956	0.914	0.795	0.791	1.835	1.818	1.608	0.673	0.697	0.702	0.491	0.513	0.594	1.094	1.088	1.103	0.719	0.769	0.727	0.577	0.658	0.586	0.3	0.324	0.317	0.7	0.642	0.694	0.038	0.035	0.038	0.035	0.043	0.035	0.579	0.636	0.593	0.756	0.708	0.769	0.763	0.358	0.363	0.346	0.036	0.036	0.66	0.68	0.68	0.358	0.371	0.376	0.644	0.64	0.65	0.263	0.265	0.259
1065	0.312	0.345	0.356	0.878	0.89	0.906	0.44	0.472	0.451	0.961	0.919	0.865	0.539	0.95	0.657	0.756	0.866	0.8	0.332	0.333	0.325	0.391	0.389	0.362	0.348	0.396	0.379	0.377	0.382	0.369	0.316	0.331	0.32	0.775	0.762	0.825	0.942	0.965	0.963	0.939	0.807	0.814	1.899	1.858	1.655	0.687	0.713	0.725	0.516	0.527	0.609	1.11	1.107	1.128	0.736	0.796	0.756	0.604	0.684	0.605	0.298	0.32	0.316	0.726	0.659	0.72	0.039	0.035	0.038	0.036	0.043	0.036	0.599	0.651	0.609	0.783	0.74	0.806	0.805	0.374	0.377	0.362	0.037	0.037	0.672	0.689	0.688	0.367	0.375	0.377	0.657	0.652	0.662	0.26	0.263	0.259
1080	0.306	0.343	0.349	0.896	0.917	0.941	0.448	0.483	0.456	0.993	0.949	0.888	0.554	0.984	0.673	0.765	0.897	0.823	0.328	0.333	0.326	0.399	0.397	0.374	0.351	0.397	0.384	0.391	0.394	0.383	0.326	0.341	0.329	0.819	0.801	0.867	0.956	0.984	0.983	0.987	0.835	0.837	1.95	1.898	1.668	0.711	0.738	0.741	0.523	0.535	0.626	1.127	1.121	1.136	0.754	0.811	0.763	0.603	0.683	0.612	0.297	0.322	0.315	0.747	0.677	0.741	0.038	0.035	0.038	0.035	0.043	0.036	0.614	0.669	0.623	0.803	0.758	0.825	0.82	0.366	0.373	0.358	0.037	0.037	0.678	0.699	0.7	0.371	0.379	0.382	0.657	0.656	0.669	0.264	0.269	0.264
1095	0.303	0.343	0.351	0.923	0.946	0.963	0.453	0.485	0.461	1.021	0.973	0.907	0.555	0.997	0.667	0.78	0.918	0.834	0.33	0.339	0.325	0.406	0.397	0.38	0.349	0.4	0.381	0.387	0.391	0.379	0.319	0.332	0.316	0.853	0.833	0.907	0.969	0.995	0.989	1.035	0.855	0.866	2.003	1.942	1.713	0.731	0.749	0.77	0.541	0.556	0.651	1.144	1.136	1.15	0.783	0.834	0.789	0.618	0.704	0.626	0.294	0.321	0.316	0.775	0.706	0.772	0.038	0.035	0.038	0.036	0.042	0.036	0.627	0.682	0.642	0.836	0.788	0.854	0.853	0.368	0.372	0.358	0.036	0.037	0.675	0.696	0.693	0.372	0.377	0.382	0.661	0.661	0.672	0.256	0.26	0.255
1110	0.3	0.338	0.344	0.955	0.97	1.014	0.451	0.49	0.47	1.051	0.997	0.937	0.573	1.043	0.688	0.786	0.946	0.853	0.33	0.333	0.335	0.411	0.404	0.384	0.354	0.404	0.387	0.392	0.394	0.384	0.319	0.333	0.319	0.899	0.878	0.954	0.987	1.017	1.011	1.057	0.896	0.906	2.053	1.994	1.745	0.755	0.775	0.781	0.556	0.576	0.68	1.163	1.155	1.168	0.807	0.857	0.806	0.632	0.714	0.642	0.291	0.315	0.313	0.799	0.73	0.797	0.038	0.035	0.039	0.036	0.043	0.036	0.643	0.703	0.661	0.861	0.82	0.888	0.893	0.375	0.381	0.369	0.036	0.037	0.685	0.706	0.706	0.381	0.383	0.39	0.67	0.666	0.68	0.26	0.265	0.261
1125	0.293	0.333	0.339	0.978	1	1.04	0.458	0.495	0.471	1.078	1.024	0.967	0.576	1.092	0.731	0.798	0.964	0.855	0.317	0.326	0.316	0.406	0.397	0.383	0.35	0.402	0.382	0.391	0.39	0.377	0.311	0.321	0.309	0.943	0.917	0.997	1	1.026	1.016	1.056	0.914	0.922	2.103	2.039	1.791	0.774	0.791	0.81	0.578	0.595	0.697	1.177	1.175	1.182	0.837	0.886	0.828	0.645	0.735	0.652	0.29	0.321	0.311	0.832	0.762	0.828	0.038	0.035	0.038	0.036	0.043	0.036	0.663	0.722	0.681	0.906	0.858	0.925	0.936	0.38	0.38	0.365	0.036	0.037	0.69	0.703	0.704	0.38	0.384	0.392	0.676	0.67	0.684	0.256	0.26	0.254
1140	0.297	0.335	0.346	1.012	1.024	1.109	0.457	0.492	0.476	1.107	1.055	0.978	0.601	1.13	0.712	0.803	0.994	0.871	0.324	0.32	0.309	0.409	0.402	0.391	0.351	0.407	0.384	0.39	0.391	0.377	0.308	0.318	0.305	0.996	0.968	1.04	1.01	1.036	1.032	1.109	0.933	0.963	2.15	2.094	1.834	0.796	0.811	0.825	0.605	0.618	0.728	1.198	1.185	1.195	0.866	0.913	0.851	0.664	0.764	0.675	0.287	0.311	0.308	0.857	0.785	0.852	0.038	0.035	0.038	0.035	0.042	0.035	0.681	0.74	0.694	0.943	0.891	0.965	0.965	0.387	0.389	0.371	0.036	0.036	0.692	0.713	0.712	0.388	0.388	0.392	0.681	0.676	0.691	0.253	0.257	0.251
1155	0.294	0.333	0.342	1.038	1.064	1.131	0.47	0.502	0.484	1.129	1.089	1.007	0.606	1.182	0.712	0.809	1.021	0.892	0.32	0.327	0.317	0.42	0.413	0.388	0.358	0.407	0.392	0.403	0.404	0.395	0.315	0.331	0.315	1.048	1.02	1.098	1.031	1.058	1.055	1.189	0.971	0.997	2.191	2.131	1.878	0.823	0.839	0.856	0.627	0.64	0.759	1.209	1.203	1.206	0.897	0.943	0.888	0.678	0.779	0.681	0.287	0.312	0.308	0.888	0.811	0.88	0.038	0.035	0.038	0.036	0.042	0.036	0.696	0.759	0.718	0.971	0.924	0.993	0.998	0.386	0.391	0.377	0.036	0.037	0.709	0.726	0.731	0.4	0.396	0.409	0.706	0.702	0.722	0.272	0.274	0.271
1170	0.294	0.33	0.343	1.075	1.091	1.18	0.465	0.5	0.488	1.158	1.11	1.021	0.618	1.224	0.762	0.828	1.054	0.918	0.313	0.318	0.308	0.423	0.4	0.391	0.353	0.41	0.387	0.395	0.397	0.385	0.303	0.314	0.3	1.094	1.061	1.14	1.041	1.07	1.061	1.212	1	1.026	2.209	2.171	1.92	0.849	0.851	0.869	0.648	0.664	0.779	1.225	1.215	1.225	0.928	0.977	0.897	0.709	0.805	0.708	0.281	0.304	0.301	0.909	0.839	0.905	0.037	0.033	0.037	0.035	0.041	0.035	0.711	0.781	0.74	1.016	0.959	1.038	1.043	0.393	0.406	0.39	0.036	0.036	0.698	0.724	0.727	0.396	0.395	0.403	0.703	0.693	0.712	0.253	0.257	0.251
1185	0.291	0.331	0.335	1.106	1.11	1.171	0.472	0.501	0.49	1.179	1.135	1.048	0.652	1.292	0.785	0.836	1.074	0.921	0.32	0.323	0.312	0.426	0.409	0.402	0.36	0.413	0.39	0.406	0.405	0.397	0.308	0.319	0.307	1.156	1.121	1.192	1.058	1.085	1.077	1.261	1.039	1.06	2.212	2.206	1.983	0.874	0.873	0.892	0.674	0.69	0.813	1.242	1.228	1.233	0.953	0.998	0.931	0.723	0.818	0.721	0.28	0.303	0.303	0.942	0.868	0.93	0.038	0.034	0.038	0.035	0.042	0.035	0.722	0.792	0.751	1.043	0.989	1.071	1.067	0.394	0.401	0.387	0.035	0.036	0.712	0.732	0.734	0.405	0.403	0.412	0.708	0.703	0.725	0.262	0.267	0.265
1200	0.292	0.332	0.339	1.128	1.146	1.196	0.48	0.512	0.496	1.201	1.156	1.067	0.658	1.371	0.764	0.851	1.101	0.919	0.311	0.317	0.31	0.435	0.415	0.41	0.364	0.41	0.395	0.411	0.41	0.402	0.313	0.322	0.311	1.216	1.177	1.254	1.081	1.104	1.099	1.306	1.062	1.078	2.22	2.235	2.046	0.896	0.891	0.907	0.692	0.717	0.846	1.255	1.243	1.245	0.978	1.028	0.954	0.732	0.834	0.728	0.281	0.306	0.302	0.967	0.895	0.955	0.038	0.034	0.038	0.036	0.042	0.036	0.739	0.81	0.768	1.083	1.026	1.115	1.122	0.397	0.397	0.385	0.036	0.037	0.711	0.738	0.739	0.407	0.405	0.415	0.7	0.699	0.721	0.257	0.261	0.26
1215	0.284	0.325	0.331	1.162	1.164	1.229	0.483	0.513	0.497	1.224	1.183	1.083	0.677	1.438	0.771	0.865	1.121	0.936	0.309	0.317	0.302	0.433	0.414	0.404	0.364	0.414	0.392	0.41	0.409	0.398	0.304	0.316	0.302	1.265	1.223	1.297	1.093	1.116	1.108	1.32	1.086	1.125	2.26	2.23	2.1	0.924	0.919	0.929	0.718	0.746	0.88	1.274	1.256	1.256	1.013	1.05	0.98	0.739	0.846	0.735	0.276	0.301	0.299	0.987	0.919	0.971	0.038	0.034	0.038	0.035	0.042	0.035	0.749	0.827	0.795	1.12	1.06	1.16	1.145	0.408	0.4	0.397	0.035	0.037	0.716	0.74	0.736	0.408	0.407	0.411	0.706	0.701	0.725	0.259	0.259	0.261
1230	0.284	0.323	0.331	1.18	1.203	1.238	0.481	0.51	0.498	1.247	1.208	1.095	0.712	1.511	0.782	0.884	1.149	0.947	0.305	0.311	0.303	0.44	0.418	0.41	0.37	0.421	0.402	0.416	0.417	0.405	0.307	0.323	0.308	1.315	1.271	1.342	1.106	1.129	1.122	1.399	1.112	1.142	2.274	2.185	2.147	0.943	0.931	0.938	0.748	0.777	0.905	1.28	1.269	1.27	1.034	1.081	1.004	0.762	0.861	0.748	0.274	0.301	0.298	1.011	0.945	0.992	0.038	0.034	0.038	0.036	0.042	0.036	0.76	0.835	0.798	1.158	1.098	1.203	1.192	0.417	0.416	0.409	0.036	0.037	0.708	0.738	0.734	0.411	0.41	0.422	0.707	0.697	0.733	0.257	0.26	0.258
1245	0.279	0.322	0.329	1.218	1.248	1.311	0.493	0.519	0.505	1.282	1.246	1.111	0.696	1.588	0.799	0.907	1.17	0.963	0.304	0.311	0.303	0.44	0.42	0.412	0.365	0.421	0.4	0.419	0.411	0.406	0.299	0.308	0.294	1.357	1.3	1.377	1.117	1.142	1.136	1.449	1.146	1.171	2.291	2.188	2.194	0.963	0.964	0.963	0.776	0.807	0.953	1.295	1.283	1.277	1.056	1.103	1.019	0.767	0.868	0.762	0.273	0.297	0.292	1.036	0.966	1.016	0.037	0.035	0.038	0.035	0.042	0.035	0.771	0.859	0.822	1.197	1.135	1.23	1.22	0.419	0.413	0.414	0.036	0.037	0.718	0.741	0.737	0.417	0.412	0.415	0.713	0.705	0.73	0.245	0.253	0.25
1260	0.281	0.323	0.332	1.226	1.255	1.324	0.496	0.521	0.509	1.338	1.278	1.13	0.726	1.659	0.827	0.928	1.195	0.972	0.303	0.305	0.303	0.443	0.425	0.418	0.374	0.423	0.402	0.425	0.423	0.414	0.301	0.315	0.301	1.399	1.349	1.411	1.13	1.159	1.155	1.514	1.182	1.201	2.303	2.172	2.221	0.987	0.982	0.966	0.807	0.842	0.982	1.305	1.297	1.29	1.091	1.128	1.069	0.786	0.889	0.771	0.271	0.292	0.29	1.057	0.987	1.034	0.038	0.034	0.038	0.036	0.042	0.036	0.778	0.859	0.83	1.239	1.173	1.288	1.267	0.431	0.425	0.424	0.036	0.037	0.732	0.755	0.755	0.422	0.421	0.426	0.721	0.707	0.744	0.261	0.261	0.263
1275	0.275	0.318	0.331	1.257	1.282	1.365	0.5	0.523	0.51	1.379	1.315	1.152	0.766	1.727	0.852	0.949	1.214	1.004	0.308	0.309	0.296	0.448	0.422	0.418	0.368	0.422	0.4	0.423	0.421	0.411	0.294	0.306	0.288	1.422	1.368	1.441	1.142	1.172	1.164	1.572	1.198	1.225	2.324	2.226	2.254	1.007	1.001	0.999	0.847	0.877	1.024	1.317	1.312	1.298	1.11	1.15	1.079	0.784	0.902	0.776	0.268	0.295	0.288	1.081	1.011	1.053	0.037	0.034	0.037	0.035	0.042	0.036	0.794	0.881	0.846	1.268	1.2	1.309	1.277	0.423	0.42	0.412	0.036	0.037	0.741	0.758	0.756	0.426	0.42	0.428	0.727	0.723	0.751	0.248	0.256	0.253
1290	0.277	0.318	0.33	1.269	1.307	1.383	0.504	0.531	0.515	1.401	1.337	1.171	0.799	1.787	0.891	0.97	1.236	1.013	0.305	0.308	0.297	0.448	0.431	0.421	0.373	0.428	0.404	0.43	0.426	0.418	0.296	0.31	0.294	1.45	1.409	1.46	1.16	1.188	1.181	1.63	1.222	1.252	2.317	2.246	2.276	1.025	1.021	0.996	0.871	0.909	1.057	1.329	1.321	1.304	1.153	1.175	1.105	0.801	0.912	0.789	0.269	0.291	0.285	1.106	1.03	1.069	0.038	0.034	0.037	0.035	0.042	0.035	0.81	0.904	0.858	1.302	1.24	1.356	1.323	0.442	0.434	0.436	0.036	0.036	0.745	0.759	0.762	0.427	0.425	0.435	0.738	0.725	0.758	0.258	0.263	0.263
1305	0.278	0.319	0.327	1.303	1.341	1.426	0.503	0.524	0.512	1.422	1.36	1.186	0.819	1.845	0.917	0.98	1.256	1.014	0.303	0.305	0.294	0.455	0.428	0.419	0.373	0.427	0.405	0.43	0.427	0.42	0.291	0.302	0.286	1.469	1.431	1.485	1.174	1.204	1.191	1.688	1.248	1.278	2.336	2.263	2.296	1.06	1.036	1.025	0.907	0.943	1.104	1.341	1.333	1.316	1.177	1.207	1.126	0.815	0.931	0.793	0.266	0.288	0.286	1.122	1.052	1.079	0.037	0.034	0.038	0.035	0.041	0.035	0.812	0.915	0.877	1.342	1.284	1.388	1.359	0.44	0.44	0.438	0.035	0.036	0.75	0.76	0.763	0.43	0.423	0.426	0.734	0.725	0.764	0.252	0.255	0.258
1320	0.279	0.32	0.331	1.325	1.347	1.471	0.513	0.537	0.522	1.434	1.379	1.215	0.829	1.889	0.942	0.994	1.27	1.03	0.302	0.307	0.299	0.456	0.435	0.431	0.378	0.435	0.41	0.436	0.432	0.428	0.292	0.3	0.286	1.492	1.468	1.512	1.187	1.222	1.214	1.766	1.282	1.306	2.335	2.309	2.284	1.068	1.056	1.036	0.944	0.981	1.138	1.358	1.347	1.326	1.183	1.225	1.189	0.82	0.938	0.798	0.268	0.29	0.286	1.145	1.074	1.098	0.038	0.035	0.038	0.036	0.042	0.036	0.815	0.926	0.889	1.36	1.317	1.446	1.399	0.436	0.439	0.432	0.036	0.037	0.762	0.771	0.768	0.437	0.432	0.442	0.754	0.749	0.783	0.261	0.266	0.262
1335	0.277	0.318	0.329	1.348	1.397	1.494	0.51	0.528	0.517	1.444	1.391	1.211	0.834	1.941	0.925	1.021	1.291	1.064	0.305	0.304	0.29	0.458	0.432	0.426	0.376	0.434	0.409	0.436	0.435	0.43	0.29	0.299	0.283	1.502	1.483	1.528	1.196	1.229	1.22	1.83	1.298	1.323	2.379	2.326	2.298	1.083	1.076	1.054	0.984	1.013	1.176	1.372	1.357	1.337	1.21	1.25	1.183	0.831	0.95	0.802	0.265	0.29	0.283	1.166	1.094	1.113	0.038	0.035	0.038	0.036	0.042	0.036	0.832	0.938	0.906	1.412	1.363	1.498	1.436	0.451	0.455	0.445	0.036	0.037	0.774	0.774	0.779	0.436	0.43	0.442	0.763	0.759	0.795	0.254	0.259	0.257
1350	0.275	0.316	0.327	1.362	1.406	1.53	0.517	0.544	0.526	1.438	1.397	1.228	0.837	1.982	0.962	1.038	1.306	1.078	0.298	0.303	0.293	0.462	0.44	0.43	0.384	0.437	0.413	0.447	0.442	0.436	0.292	0.306	0.291	1.528	1.524	1.567	1.215	1.247	1.24	1.903	1.341	1.348	2.382	2.341	2.332	1.121	1.098	1.065	1.017	1.06	1.21	1.382	1.369	1.344	1.24	1.273	1.199	0.841	0.961	0.808	0.265	0.289	0.281	1.183	1.113	1.126	0.038	0.035	0.038	0.036	0.042	0.036	0.836	0.952	0.916	1.463	1.398	1.538	1.494	0.456	0.456	0.453	0.036	0.038	0.786	0.789	0.784	0.437	0.435	0.444	0.774	0.77	0.803	0.259	0.265	0.261
1365	0.273	0.312	0.319	1.385	1.434	1.568	0.514	0.541	0.524	1.432	1.394	1.233	0.853	2.021	1.008	1.048	1.323	1.088	0.298	0.301	0.287	0.465	0.438	0.429	0.386	0.442	0.413	0.438	0.442	0.437	0.283	0.291	0.277	1.537	1.537	1.599	1.224	1.256	1.25	1.959	1.35	1.367	2.386	2.344	2.342	1.13	1.106	1.083	1.049	1.094	1.25	1.389	1.38	1.349	1.275	1.291	1.257	0.846	0.967	0.803	0.262	0.286	0.283	1.201	1.137	1.139	0.038	0.035	0.039	0.036	0.042	0.036	0.831	0.96	0.926	1.533	1.46	1.585	1.558	0.462	0.459	0.466	0.036	0.037	0.79	0.789	0.789	0.44	0.435	0.448	0.786	0.784	0.813	0.256	0.26	0.262
1380	0.276	0.314	0.324	1.404	1.484	1.609	0.527	0.551	0.531	1.434	1.417	1.251	0.826	2.044	0.94	1.071	1.335	1.112	0.302	0.302	0.294	0.467	0.446	0.438	0.391	0.444	0.418	0.448	0.448	0.441	0.285	0.292	0.278	1.568	1.563	1.626	1.243	1.274	1.268	2.007	1.367	1.39	2.39	2.357	2.345	1.145	1.123	1.095	1.084	1.133	1.282	1.403	1.393	1.362	1.288	1.314	1.25	0.855	0.977	0.803	0.267	0.288	0.284	1.215	1.152	1.15	0.038	0.036	0.039	0.036	0.043	0.036	0.837	0.971	0.941	1.584	1.515	1.643	1.627	0.451	0.452	0.461	0.037	0.037	0.807	0.807	0.808	0.444	0.443	0.458	0.814	0.805	0.837	0.269	0.274	0.268
1395	0.27	0.312	0.321	1.419	1.522	1.637	0.52	0.547	0.524	1.443	1.431	1.248	0.848	2.071	1.035	1.075	1.351	1.136	0.295	0.296	0.284	0.464	0.443	0.431	0.39	0.448	0.418	0.449	0.451	0.446	0.285	0.293	0.283	1.589	1.58	1.644	1.248	1.283	1.279	2.019	1.4	1.411	2.393	2.386	2.374	1.163	1.135	1.102	1.107	1.161	1.318	1.418	1.408	1.372	1.319	1.331	1.272	0.875	0.991	0.822	0.262	0.285	0.281	1.227	1.165	1.159	0.037	0.034	0.037	0.036	0.042	0.035	0.853	0.985	0.944	1.616	1.563	1.678	1.678	0.466	0.468	0.474	0.036	0.037	0.828	0.817	0.817	0.448	0.447	0.452	0.817	0.818	0.855	0.268	0.274	0.274
1410	0.273	0.311	0.318	1.462	1.542	1.672	0.53	0.552	0.535	1.461	1.438	1.261	0.874	2.098	1.04	1.089	1.371	1.155	0.297	0.301	0.294	0.472	0.451	0.437	0.396	0.45	0.427	0.456	0.457	0.454	0.288	0.297	0.285	1.613	1.608	1.661	1.265	1.297	1.292	2.037	1.41	1.412	2.421	2.376	2.387	1.183	1.157	1.12	1.135	1.204	1.353	1.427	1.416	1.379	1.345	1.348	1.298	0.874	0.992	0.808	0.265	0.288	0.284	1.238	1.182	1.167	0.038	0.035	0.039	0.036	0.043	0.036	0.859	0.991	0.961	1.658	1.625	1.701	1.703	0.468	0.475	0.485	0.036	0.037	0.824	0.818	0.823	0.454	0.449	0.46	0.826	0.816	0.86	0.269	0.275	0.275
1425	0.269	0.303	0.309	1.456	1.563	1.713	0.524	0.552	0.531	1.463	1.441	1.255	0.875	2.107	1.057	1.095	1.377	1.149	0.294	0.299	0.289	0.469	0.451	0.439	0.399	0.451	0.427	0.456	0.458	0.449	0.283	0.293	0.273	1.619	1.618	1.666	1.28	1.31	1.306	2.074	1.444	1.449	2.419	2.372	2.391	1.199	1.17	1.123	1.168	1.241	1.384	1.44	1.428	1.387	1.351	1.373	1.349	0.871	0.994	0.806	0.265	0.285	0.281	1.256	1.192	1.179	0.038	0.034	0.038	0.036	0.042	0.036	0.869	1.005	0.964	1.684	1.669	1.713	1.717	0.487	0.484	0.489	0.037	0.037	0.839	0.831	0.832	0.456	0.454	0.463	0.845	0.836	0.881	0.275	0.278	0.278
1440	0.275	0.31	0.32	1.481	1.564	1.764	0.529	0.552	0.535	1.474	1.432	1.248	0.935	2.119	1.114	1.108	1.394	1.173	0.29	0.287	0.282	0.468	0.444	0.435	0.397	0.453	0.429	0.459	0.464	0.458	0.285	0.297	0.284	1.633	1.637	1.679	1.285	1.321	1.317	2.121	1.459	1.482	2.439	2.398	2.413	1.208	1.186	1.135	1.192	1.274	1.412	1.454	1.44	1.394	1.383	1.386	1.378	0.882	0.998	0.823	0.265	0.283	0.28	1.27	1.209	1.188	0.038	0.035	0.038	0.036	0.042	0.036	0.861	0.989	0.962	1.691	1.683	1.719	1.723	0.501	0.486	0.506	0.036	0.037	0.859	0.842	0.843	0.456	0.451	0.461	0.854	0.839	0.895	0.272	0.274	0.277
1455	0.271	0.302	0.313	1.499	1.572	1.829	0.531	0.552	0.529	1.479	1.433	1.258	0.954	2.146	1.026	1.118	1.402	1.189	0.296	0.3	0.287	0.473	0.455	0.445	0.406	0.455	0.432	0.459	0.463	0.457	0.281	0.289	0.272	1.638	1.643	1.686	1.305	1.334	1.331	2.124	1.473	1.482	2.458	2.451	2.414	1.227	1.199	1.15	1.224	1.314	1.431	1.467	1.449	1.404	1.395	1.403	1.396	0.884	0.991	0.809	0.261	0.284	0.28	1.282	1.225	1.198	0.038	0.035	0.038	0.036	0.042	0.035	0.873	1.003	0.961	1.699	1.696	1.727	1.727	0.497	0.492	0.504	0.036	0.038	0.866	0.85	0.855	0.461	0.46	0.474	0.863	0.859	0.914	0.275	0.278	0.281
1470	0.275	0.317	0.322	1.522	1.622	1.877	0.532	0.56	0.536	1.472	1.441	1.246	0.987	2.171	1.085	1.125	1.417	1.203	0.29	0.291	0.283	0.473	0.451	0.445	0.408	0.461	0.433	0.461	0.469	0.464	0.284	0.294	0.278	1.647	1.653	1.691	1.31	1.346	1.342	2.159	1.501	1.514	2.455	2.438	2.415	1.245	1.217	1.154	1.245	1.347	1.453	1.479	1.461	1.413	1.429	1.429	1.424	0.897	1.002	0.817	0.262	0.283	0.28	1.29	1.234	1.203	0.039	0.036	0.038	0.037	0.042	0.036	0.854	0.999	0.975	1.703	1.704	1.727	1.729	0.509	0.495	0.514	0.037	0.038	0.891	0.86	0.862	0.46	0.462	0.471	0.88	0.865	0.931	0.275	0.279	0.281
1485	0.267	0.302	0.313	1.542	1.675	1.945	0.53	0.561	0.542	1.48	1.438	1.249	0.977	2.173	1.131	1.139	1.43	1.216	0.292	0.296	0.289	0.48	0.459	0.45	0.416	0.464	0.447	0.464	0.471	0.466	0.282	0.285	0.271	1.657	1.661	1.698	1.323	1.361	1.361	2.2	1.526	1.543	2.492	2.463	2.446	1.262	1.221	1.16	1.272	1.389	1.469	1.492	1.474	1.422	1.458	1.433	1.442	0.893	1.002	0.803	0.263	0.283	0.282	1.303	1.245	1.212	0.039	0.036	0.038	0.037	0.043	0.036	0.862	1.013	0.977	1.712	1.712	1.737	1.737	0.524	0.519	0.525	0.037	0.037	0.908	0.872	0.878	0.468	0.47	0.482	0.904	0.891	0.962	0.281	0.281	0.284
1500	0.268	0.307	0.317	1.559	1.705	2.008	0.536	0.56	0.547	1.478	1.436	1.239	0.976	2.185	1.092	1.155	1.446	1.232	0.297	0.295	0.29	0.478	0.458	0.459	0.415	0.471	0.444	0.466	0.473	0.475	0.284	0.29	0.275	1.663	1.668	1.7	1.331	1.371	1.371	2.196	1.541	1.544	2.489	2.477	2.465	1.276	1.239	1.17	1.295	1.418	1.479	1.504	1.487	1.432	1.514	1.449	1.498	0.91	0.998	0.81	0.261	0.281	0.276	1.311	1.256	1.217	0.039	0.035	0.039	0.037	0.043	0.037	0.852	0.995	0.965	1.711	1.716	1.737	1.739	0.548	0.549	0.56	0.037	0.038	0.931	0.885	0.885	0.469	0.47	0.479	0.926	0.913	0.978	0.27	0.271	0.277
1515	0.265	0.306	0.314	1.578	1.769	2.079	0.539	0.571	0.543	1.482	1.439	1.237	1.05	2.187	1.129	1.162	1.455	1.243	0.292	0.293	0.281	0.475	0.459	0.46	0.412	0.471	0.445	0.463	0.469	0.475	0.278	0.284	0.271	1.661	1.669	1.704	1.341	1.382	1.387	2.206	1.562	1.583	2.518	2.502	2.477	1.298	1.253	1.186	1.321	1.442	1.488	1.519	1.499	1.443	1.583	1.467	1.527	0.91	0.987	0.779	0.257	0.275	0.276	1.32	1.266	1.221	0.039	0.035	0.038	0.036	0.042	0.036	0.844	1.007	0.961	1.721	1.724	1.742	1.745	0.544	0.54	0.542	0.037	0.038	0.932	0.891	0.889	0.473	0.472	0.48	0.93	0.914	0.967	0.259	0.262	0.265
1530	0.268	0.306	0.313	1.599	1.838	2.131	0.545	0.569	0.547	1.484	1.437	1.229	1.019	2.17	1.178	1.162	1.461	1.243	0.294	0.296	0.286	0.483	0.47	0.464	0.42	0.478	0.449	0.467	0.472	0.477	0.275	0.28	0.266	1.669	1.675	1.703	1.351	1.396	1.403	2.213	1.583	1.592	2.493	2.486	2.449	1.329	1.26	1.185	1.335	1.469	1.489	1.531	1.508	1.446	1.613	1.477	1.553	0.909	0.989	0.782	0.26	0.281	0.277	1.327	1.274	1.228	0.039	0.036	0.039	0.036	0.043	0.036	0.841	0.995	0.956	1.717	1.718	1.737	1.74	0.545	0.543	0.559	0.037	0.038	0.968	0.911	0.908	0.478	0.478	0.487	0.968	0.95	0.993	0.266	0.272	0.265
1545	0.269	0.306	0.317	1.668	1.91	2.189	0.535	0.562	0.543	1.494	1.454	1.214	1.09	2.206	1.206	1.177	1.476	1.282	0.29	0.289	0.285	0.484	0.465	0.463	0.421	0.475	0.45	0.465	0.473	0.48	0.277	0.286	0.272	1.67	1.68	1.709	1.361	1.407	1.412	2.255	1.611	1.608	2.529	2.509	2.477	1.324	1.275	1.207	1.353	1.49	1.491	1.544	1.517	1.457	1.665	1.498	1.6	0.923	0.98	0.798	0.256	0.274	0.275	1.332	1.281	1.231	0.038	0.035	0.038	0.036	0.043	0.036	0.842	0.982	0.953	1.725	1.726	1.743	1.744	0.576	0.567	0.572	0.037	0.038	0.986	0.946	0.935	0.478	0.478	0.488	1.004	0.977	1.032	0.267	0.267	0.267
1560	0.262	0.301	0.313	1.685	1.977	2.239	0.539	0.575	0.546	1.499	1.446	1.225	1.145	2.232	1.281	1.189	1.489	1.284	0.294	0.29	0.282	0.484	0.474	0.471	0.426	0.483	0.456	0.473	0.481	0.486	0.281	0.29	0.275	1.675	1.684	1.711	1.376	1.421	1.425	2.278	1.599	1.673	2.57	2.523	2.493	1.344	1.291	1.199	1.371	1.504	1.497	1.556	1.534	1.466	1.712	1.505	1.616	0.927	0.976	0.788	0.257	0.276	0.276	1.338	1.286	1.232	0.039	0.036	0.039	0.037	0.043	0.037	0.84	0.98	0.953	1.72	1.726	1.742	1.745	0.578	0.567	0.582	0.037	0.039	0.999	0.973	0.962	0.485	0.48	0.491	1.014	0.986	1.041	0.263	0.266	0.269
1575	0.262	0.303	0.315	1.671	2.04	2.282	0.538	0.57	0.546	1.507	1.449	1.213	1.177	2.277	1.322	1.192	1.498	1.302	0.29	0.287	0.279	0.485	0.469	0.47	0.426	0.486	0.46	0.471	0.478	0.484	0.276	0.284	0.272	1.676	1.685	1.713	1.384	1.432	1.44	2.3	1.603	1.652	2.563	2.522	2.501	1.382	1.299	1.214	1.389	1.516	1.494	1.569	1.546	1.475	1.758	1.522	1.643	0.922	0.971	0.788	0.256	0.277	0.273	1.339	1.293	1.232	0.038	0.035	0.039	0.036	0.042	0.036	0.84	0.974	0.949	1.724	1.727	1.745	1.75	0.599	0.591	0.61	0.037	0.037	1.008	0.988	0.974	0.494	0.483	0.493	1.021	0.989	1.037	0.28	0.265	0.268
1590	0.264	0.3	0.307	1.685	2.098	2.312	0.535	0.575	0.549	1.514	1.452	1.214	1.217	2.305	1.383	1.196	1.506	1.322	0.29	0.29	0.281	0.491	0.476	0.48	0.427	0.488	0.462	0.471	0.481	0.483	0.273	0.279	0.266	1.677	1.684	1.714	1.394	1.45	1.456	2.323	1.621	1.71	2.554	2.536	2.518	1.369	1.325	1.218	1.397	1.53	1.497	1.585	1.558	1.482	1.807	1.535	1.664	0.931	0.952	0.778	0.257	0.275	0.274	1.342	1.294	1.226	0.038	0.035	0.039	0.036	0.042	0.036	0.831	0.959	0.945	1.724	1.727	1.746	1.751	0.598	0.585	0.622	0.037	0.038	1.018	1	0.992	0.497	0.486	0.497	1.031	1.001	1.037	0.255	0.264	0.265
1605	0.261	0.299	0.309	1.737	2.153	2.324	0.538	0.572	0.548	1.522	1.467	1.204	1.277	2.337	1.438	1.215	1.518	1.332	0.29	0.291	0.284	0.49	0.477	0.48	0.433	0.498	0.468	0.472	0.485	0.481	0.277	0.282	0.267	1.68	1.686	1.716	1.414	1.464	1.473	2.332	1.634	1.754	2.544	2.521	2.508	1.419	1.324	1.226	1.41	1.519	1.499	1.592	1.568	1.494	1.851	1.552	1.684	0.943	0.939	0.788	0.258	0.274	0.271	1.345	1.297	1.227	0.039	0.035	0.039	0.036	0.043	0.036	0.842	0.956	0.952	1.723	1.723	1.744	1.75	0.609	0.603	0.641	0.037	0.038	1.039	1.027	1.022	0.503	0.492	0.501	1.057	1.038	1.076	0.27	0.268	0.267
1620	0.263	0.299	0.311	1.771	2.21	2.346	0.539	0.57	0.547	1.533	1.483	1.191	1.346	2.378	1.523	1.215	1.528	1.343	0.284	0.283	0.273	0.491	0.473	0.48	0.433	0.5	0.468	0.469	0.486	0.481	0.272	0.281	0.268	1.683	1.692	1.722	1.423	1.484	1.483	2.354	1.662	1.72	2.574	2.548	2.544	1.422	1.34	1.229	1.418	1.537	1.502	1.61	1.587	1.503	1.893	1.578	1.716	0.931	0.924	0.779	0.258	0.275	0.271	1.342	1.3	1.224	0.039	0.035	0.038	0.036	0.043	0.036	0.834	0.953	0.95	1.73	1.732	1.751	1.756	0.625	0.615	0.658	0.037	0.038	1.034	1.03	1.036	0.509	0.497	0.508	1.05	1.028	1.068	0.266	0.268	0.269
1635	0.262	0.3	0.308	1.757	2.253	2.349	0.542	0.579	0.549	1.539	1.484	1.193	1.403	2.366	1.559	1.231	1.535	1.345	0.291	0.287	0.282	0.494	0.481	0.489	0.439	0.503	0.475	0.475	0.495	0.484	0.273	0.283	0.27	1.683	1.695	1.717	1.438	1.492	1.501	2.37	1.676	1.802	2.572	2.538	2.534	1.406	1.356	1.228	1.419	1.527	1.499	1.62	1.592	1.512	1.927	1.567	1.73	0.942	0.923	0.797	0.257	0.272	0.273	1.345	1.299	1.221	0.038	0.035	0.038	0.036	0.042	0.036	0.835	0.95	0.941	1.725	1.727	1.746	1.756	0.635	0.639	0.67	0.037	0.037	1.067	1.063	1.063	0.514	0.503	0.513	1.079	1.067	1.111	0.268	0.272	0.272
1650	0.257	0.301	0.311	1.755	2.28	2.365	0.54	0.579	0.551	1.545	1.5	1.174	1.445	2.35	1.598	1.235	1.541	1.36	0.283	0.282	0.274	0.496	0.477	0.493	0.438	0.508	0.48	0.476	0.496	0.481	0.273	0.279	0.265	1.683	1.694	1.719	1.458	1.506	1.516	2.369	1.705	1.854	2.554	2.524	2.513	1.458	1.36	1.242	1.414	1.522	1.5	1.635	1.606	1.517	1.959	1.575	1.753	0.93	0.916	0.806	0.255	0.273	0.269	1.347	1.299	1.223	0.038	0.035	0.038	0.036	0.042	0.036	0.838	0.96	0.955	1.727	1.728	1.749	1.758	0.649	0.644	0.664	0.037	0.038	1.064	1.054	1.06	0.519	0.505	0.517	1.077	1.056	1.095	0.265	0.271	0.27
1665	0.261	0.297	0.304	1.766	2.319	2.368	0.544	0.581	0.554	1.552	1.516	1.173	1.49	2.397	1.644	1.242	1.548	1.37	0.286	0.287	0.278	0.501	0.485	0.493	0.443	0.512	0.486	0.477	0.498	0.482	0.268	0.273	0.259	1.685	1.694	1.72	1.467	1.522	1.531	2.395	1.788	1.881	2.56	2.544	2.525	1.489	1.375	1.24	1.422	1.534	1.499	1.65	1.619	1.524	2.003	1.584	1.774	0.912	0.909	0.812	0.26	0.276	0.275	1.347	1.304	1.223	0.038	0.035	0.038	0.036	0.043	0.036	0.837	0.94	0.944	1.727	1.728	1.75	1.758	0.677	0.674	0.696	0.037	0.038	1.078	1.065	1.079	0.524	0.513	0.52	1.088	1.072	1.108	0.271	0.278	0.266
1680	0.26	0.297	0.31	1.827	2.361	2.375	0.543	0.584	0.553	1.56	1.529	1.163	1.549	2.44	1.706	1.254	1.557	1.396	0.284	0.289	0.277	0.5	0.481	0.498	0.439	0.515	0.486	0.474	0.495	0.478	0.266	0.274	0.257	1.68	1.694	1.718	1.486	1.54	1.536	2.42	1.849	1.998	2.561	2.545	2.552	1.499	1.388	1.258	1.423	1.542	1.499	1.663	1.629	1.533	2.042	1.598	1.799	0.891	0.878	0.798	0.254	0.273	0.268	1.347	1.303	1.223	0.037	0.035	0.038	0.036	0.042	0.036	0.847	0.962	0.961	1.729	1.731	1.754	1.761	0.704	0.695	0.704	0.037	0.038	1.083	1.073	1.071	0.526	0.516	0.524	1.087	1.069	1.111	0.267	0.269	0.274
1695	0.263	0.296	0.304	1.899	2.376	2.35	0.545	0.584	0.554	1.568	1.536	1.153	1.596	2.463	1.755	1.261	1.563	1.401	0.285	0.286	0.278	0.506	0.49	0.505	0.445	0.529	0.495	0.482	0.501	0.483	0.267	0.275	0.259	1.687	1.698	1.72	1.5	1.56	1.563	2.427	1.896	1.999	2.546	2.541	2.53	1.514	1.391	1.236	1.425	1.526	1.5	1.68	1.639	1.541	2.078	1.603	1.817	0.898	0.887	0.806	0.26	0.277	0.271	1.347	1.304	1.222	0.038	0.035	0.039	0.036	0.042	0.036	0.841	0.942	0.955	1.727	1.73	1.751	1.759	0.703	0.699	0.736	0.037	0.038	1.088	1.095	1.097	0.535	0.523	0.531	1.106	1.081	1.117	0.267	0.274	0.278
1710	0.264	0.296	0.306	1.928	2.405	2.359	0.544	0.583	0.553	1.581	1.534	1.145	1.647	2.47	1.81	1.276	1.572	1.436	0.278	0.275	0.272	0.502	0.485	0.501	0.444	0.521	0.495	0.477	0.496	0.482	0.264	0.272	0.258	1.685	1.696	1.722	1.51	1.58	1.578	2.442	1.925	1.988	2.564	2.557	2.553	1.484	1.407	1.247	1.422	1.536	1.501	1.693	1.653	1.55	2.123	1.625	1.848	0.899	0.905	0.837	0.254	0.272	0.267	1.349	1.307	1.223	0.039	0.036	0.039	0.037	0.043	0.037	0.852	0.939	0.955	1.729	1.733	1.756	1.763	0.727	0.731	0.758	0.037	0.038	1.115	1.113	1.116	0.537	0.523	0.537	1.127	1.106	1.154	0.27	0.274	0.276
1725	0.261	0.289	0.3	1.976	2.409	2.361	0.545	0.585	0.553	1.588	1.532	1.142	1.692	2.462	1.858	1.285	1.578	1.436	0.286	0.286	0.277	0.512	0.495	0.506	0.452	0.532	0.507	0.486	0.503	0.488	0.271	0.274	0.262	1.685	1.699	1.722	1.526	1.596	1.588	2.462	1.954	2.049	2.547	2.541	2.529	1.528	1.399	1.252	1.423	1.538	1.505	1.711	1.663	1.555	2.147	1.631	1.867	0.89	0.894	0.817	0.258	0.274	0.272	1.355	1.308	1.225	0.038	0.035	0.038	0.036	0.042	0.036	0.845	0.933	0.938	1.726	1.729	1.753	1.76	0.749	0.745	0.774	0.037	0.037	1.117	1.124	1.124	0.546	0.532	0.545	1.129	1.114	1.152	0.276	0.276	0.271
1740	0.258	0.288	0.299	2.033	2.411	2.365	0.542	0.581	0.553	1.594	1.537	1.135	1.747	2.475	1.906	1.302	1.587	1.459	0.278	0.276	0.273	0.505	0.49	0.509	0.446	0.533	0.507	0.485	0.506	0.489	0.269	0.278	0.264	1.687	1.696	1.72	1.535	1.607	1.597	2.473	1.996	2.055	2.534	2.525	2.516	1.527	1.418	1.264	1.417	1.529	1.506	1.727	1.674	1.562	2.181	1.662	1.891	0.887	0.876	0.833	0.255	0.268	0.269	1.358	1.31	1.224	0.038	0.035	0.038	0.036	0.042	0.036	0.855	0.932	0.949	1.726	1.729	1.75	1.758	0.758	0.765	0.781	0.036	0.037	1.128	1.138	1.135	0.55	0.535	0.546	1.13	1.111	1.152	0.284	0.284	0.284
1755	0.26	0.293	0.302	2.104	2.432	2.398	0.544	0.586	0.557	1.606	1.556	1.124	1.797	2.509	1.942	1.313	1.599	1.474	0.284	0.281	0.279	0.514	0.499	0.518	0.45	0.54	0.516	0.491	0.507	0.489	0.27	0.276	0.266	1.692	1.702	1.722	1.55	1.629	1.618	2.494	2.057	2.077	2.562	2.543	2.552	1.552	1.412	1.315	1.421	1.532	1.515	1.746	1.692	1.574	2.201	1.661	1.913	0.88	0.873	0.812	0.255	0.272	0.27	1.368	1.314	1.226	0.039	0.035	0.038	0.036	0.042	0.037	0.852	0.921	0.944	1.732	1.731	1.756	1.758	0.766	0.767	0.798	0.037	0.038	1.127	1.141	1.134	0.558	0.546	0.556	1.133	1.112	1.155	0.275	0.278	0.28
1770	0.258	0.293	0.304	2.165	2.421	2.402	0.546	0.588	0.554	1.611	1.568	1.103	1.838	2.51	1.97	1.326	1.603	1.499	0.282	0.28	0.272	0.516	0.498	0.513	0.451	0.538	0.511	0.486	0.504	0.492	0.266	0.274	0.264	1.686	1.696	1.719	1.559	1.64	1.629	2.49	2.101	2.082	2.538	2.517	2.53	1.626	1.426	1.315	1.411	1.53	1.513	1.763	1.704	1.579	2.213	1.693	1.927	0.886	0.881	0.893	0.254	0.272	0.271	1.376	1.317	1.227	0.039	0.036	0.038	0.036	0.042	0.037	0.857	0.915	0.94	1.733	1.734	1.76	1.767	0.828	0.807	0.846	0.037	0.038	1.141	1.16	1.155	0.558	0.546	0.558	1.146	1.133	1.171	0.27	0.269	0.279
1785	0.258	0.287	0.297	2.201	2.421	2.409	0.544	0.59	0.55	1.616	1.576	1.093	1.875	2.515	1.987	1.344	1.606	1.519	0.282	0.284	0.277	0.527	0.508	0.532	0.453	0.543	0.518	0.495	0.509	0.491	0.265	0.269	0.255	1.688	1.698	1.719	1.585	1.661	1.645	2.501	2.15	2.095	2.531	2.531	2.522	1.607	1.444	1.272	1.412	1.53	1.516	1.777	1.716	1.583	2.225	1.688	1.949	0.88	0.862	0.826	0.261	0.273	0.272	1.39	1.323	1.229	0.039	0.035	0.038	0.036	0.043	0.036	0.859	0.905	0.93	1.731	1.729	1.755	1.76	0.82	0.814	0.824	0.037	0.037	1.141	1.168	1.159	0.566	0.554	0.562	1.151	1.125	1.15	0.272	0.276	0.264
1800	0.258	0.287	0.298	2.25	2.436	2.436	0.541	0.583	0.552	1.623	1.587	1.092	1.915	2.537	2.019	1.369	1.617	1.546	0.289	0.285	0.277	0.522	0.504	0.523	0.456	0.547	0.519	0.491	0.51	0.488	0.266	0.269	0.263	1.69	1.702	1.724	1.599	1.67	1.657	2.533	2.198	2.129	2.552	2.554	2.542	1.661	1.445	1.272	1.411	1.531	1.523	1.809	1.74	1.598	2.249	1.706	1.984	0.894	0.877	0.871	0.257	0.273	0.272	1.407	1.335	1.234	0.039	0.036	0.039	0.037	0.043	0.037	0.865	0.909	0.933	1.736	1.737	1.766	1.766	0.866	0.844	0.891	0.038	0.038	1.143	1.188	1.18	0.572	0.556	0.567	1.18	1.136	1.174	0.273	0.267	0.284
1815	0.258	0.287	0.298	2.285	2.435	2.437	0.546	0.591	0.554	1.626	1.599	1.069	1.952	2.556	2.05	1.374	1.624	1.553	0.281	0.281	0.272	0.533	0.513	0.532	0.466	0.558	0.525	0.498	0.517	0.498	0.265	0.273	0.26	1.692	1.704	1.724	1.613	1.685	1.677	2.531	2.234	2.143	2.538	2.54	2.553	1.727	1.498	1.27	1.403	1.536	1.529	1.827	1.753	1.599	2.246	1.682	2.001	0.86	0.861	0.835	0.258	0.274	0.273	1.412	1.34	1.234	0.039	0.035	0.038	0.036	0.042	0.036	0.871	0.904	0.929	1.737	1.736	1.762	1.763	0.83	0.824	0.858	0.037	0.037	1.14	1.184	1.173	0.58	0.563	0.573	1.16	1.13	1.167	0.276	0.282	0.286
1830	0.255	0.288	0.299	2.307	2.427	2.446	0.547	0.586	0.553	1.634	1.6	1.056	1.982	2.554	2.074	1.39	1.629	1.571	0.278	0.276	0.272	0.523	0.51	0.532	0.463	0.562	0.533	0.5	0.519	0.5	0.271	0.276	0.26	1.694	1.704	1.724	1.629	1.701	1.701	2.549	2.271	2.177	2.542	2.545	2.54	1.738	1.469	1.308	1.406	1.544	1.534	1.858	1.774	1.61	2.254	1.731	2.024	0.876	0.86	0.855	0.257	0.271	0.271	1.419	1.35	1.238	0.038	0.035	0.038	0.037	0.043	0.037	0.885	0.9	0.933	1.735	1.739	1.761	1.768	0.86	0.853	0.869	0.037	0.038	1.164	1.194	1.191	0.578	0.564	0.578	1.177	1.145	1.173	0.275	0.277	0.28
1845	0.256	0.288	0.297	2.329	2.41	2.446	0.542	0.585	0.547	1.643	1.599	1.036	2.005	2.551	2.093	1.407	1.632	1.577	0.281	0.284	0.276	0.529	0.51	0.532	0.465	0.559	0.527	0.498	0.517	0.5	0.27	0.279	0.272	1.689	1.703	1.727	1.644	1.713	1.719	2.558	2.286	2.198	2.516	2.53	2.542	1.776	1.526	1.296	1.402	1.542	1.54	1.883	1.795	1.622	2.234	1.715	2.047	0.884	0.878	0.876	0.255	0.269	0.271	1.424	1.36	1.242	0.038	0.035	0.038	0.036	0.043	0.036	0.885	0.895	0.932	1.738	1.743	1.766	1.773	0.889	0.895	0.921	0.037	0.037	1.171	1.199	1.197	0.585	0.574	0.579	1.171	1.17	1.171	0.275	0.285	0.285
1860	0.253	0.285	0.297	2.353	2.423	2.452	0.542	0.586	0.545	1.646	1.605	1.037	2.032	2.544	2.118	1.434	1.637	1.584	0.277	0.278	0.271	0.533	0.508	0.534	0.464	0.561	0.53	0.499	0.516	0.505	0.264	0.273	0.262	1.692	1.704	1.727	1.658	1.733	1.738	2.569	2.314	2.232	2.531	2.522	2.542	1.826	1.509	1.313	1.405	1.543	1.539	1.913	1.818	1.618	2.24	1.731	2.068	0.882	0.918	0.904	0.255	0.273	0.272	1.429	1.368	1.247	0.038	0.035	0.038	0.036	0.042	0.037	0.891	0.894	0.934	1.738	1.74	1.767	1.775	0.903	0.89	0.944	0.037	0.038	1.175	1.219	1.211	0.592	0.579	0.59	1.174	1.177	1.176	0.278	0.276	0.293
1875	0.257	0.284	0.293	2.351	2.424	2.454	0.546	0.59	0.545	1.65	1.615	1.001	2.045	2.553	2.136	1.458	1.641	1.591	0.281	0.282	0.273	0.553	0.532	0.549	0.464	0.561	0.535	0.503	0.516	0.499	0.263	0.266	0.255	1.69	1.702	1.73	1.671	1.744	1.753	2.57	2.318	2.256	2.51	2.513	2.522	1.851	1.531	1.337	1.403	1.551	1.542	1.954	1.84	1.631	2.227	1.756	2.091	0.864	0.867	0.891	0.26	0.275	0.276	1.434	1.376	1.259	0.038	0.035	0.038	0.036	0.042	0.037	0.906	0.898	0.929	1.737	1.739	1.767	1.775	0.889	0.882	0.912	0.036	0.038	1.168	1.218	1.218	0.597	0.582	0.594	1.183	1.161	1.185	0.266	0.271	0.28
1890	0.256	0.284	0.293	2.368	2.419	2.474	0.551	0.588	0.545	1.655	1.641	1.028	2.068	2.573	2.153	1.476	1.651	1.604	0.281	0.277	0.278	0.541	0.525	0.548	0.466	0.565	0.537	0.506	0.521	0.502	0.266	0.273	0.26	1.691	1.701	1.726	1.683	1.761	1.77	2.582	2.329	2.274	2.519	2.519	2.523	1.898	1.508	1.381	1.404	1.555	1.544	1.996	1.877	1.646	2.209	1.761	2.117	0.868	0.868	0.987	0.255	0.272	0.27	1.439	1.385	1.265	0.039	0.036	0.038	0.036	0.043	0.037	0.921	0.889	0.928	1.739	1.743	1.772	1.775	0.937	0.916	1.011	0.037	0.038	1.182	1.226	1.236	0.6	0.588	0.598	1.203	1.188	1.215	0.267	0.274	0.278
1905	0.255	0.277	0.293	2.382	2.435	2.493	0.551	0.585	0.547	1.66	1.649	1.03	2.083	2.568	2.171	1.495	1.654	1.609	0.281	0.281	0.275	0.547	0.531	0.553	0.468	0.567	0.545	0.508	0.523	0.505	0.262	0.272	0.262	1.695	1.705	1.737	1.691	1.778	1.785	2.599	2.338	2.308	2.519	2.526	2.536	1.926	1.534	1.376	1.395	1.553	1.545	2.029	1.91	1.664	2.22	1.805	2.154	0.873	0.87	0.98	0.257	0.276	0.274	1.444	1.393	1.276	0.039	0.036	0.039	0.036	0.043	0.037	0.937	0.904	0.928	1.741	1.742	1.77	1.781	0.961	0.944	1.005	0.037	0.038	1.188	1.229	1.242	0.602	0.588	0.597	1.2	1.196	1.208	0.27	0.281	0.278
1920	0.255	0.281	0.293	2.376	2.438	2.507	0.555	0.587	0.544	1.663	1.658	1.027	2.085	2.568	2.176	1.514	1.658	1.612	0.285	0.28	0.273	0.554	0.538	0.557	0.467	0.564	0.547	0.51	0.521	0.5	0.261	0.265	0.253	1.691	1.702	1.736	1.706	1.794	1.798	2.586	2.338	2.331	2.506	2.501	2.524	1.948	1.566	1.485	1.404	1.556	1.549	2.055	1.951	1.669	2.202	1.826	2.169	0.879	0.893	1.007	0.261	0.274	0.274	1.448	1.4	1.286	0.039	0.036	0.039	0.037	0.043	0.037	0.96	0.912	0.93	1.743	1.745	1.774	1.786	1.011	0.995	1.019	0.037	0.038	1.181	1.228	1.257	0.607	0.593	0.606	1.207	1.198	1.221	0.267	0.27	0.276
1935	0.256	0.284	0.292	2.37	2.452	2.509	0.558	0.582	0.541	1.664	1.659	1.045	2.092	2.559	2.183	1.526	1.658	1.614	0.275	0.271	0.266	0.541	0.519	0.545	0.464	0.567	0.545	0.508	0.522	0.5	0.26	0.265	0.26	1.688	1.699	1.729	1.712	1.799	1.798	2.565	2.282	2.335	2.498	2.494	2.495	1.97	1.546	1.452	1.385	1.544	1.548	2.084	1.976	1.689	2.2	1.875	2.186	0.891	0.915	1.061	0.261	0.275	0.273	1.451	1.401	1.287	0.038	0.035	0.038	0.037	0.042	0.036	0.972	0.913	0.937	1.745	1.743	1.774	1.781	1.062	1.046	1.054	0.037	0.038	1.196	1.237	1.27	0.613	0.602	0.606	1.212	1.2	1.231	0.272	0.276	0.281
1950	0.256	0.283	0.292	2.375	2.483	2.543	0.56	0.587	0.54	1.674	1.666	1.04	2.101	2.588	2.205	1.545	1.669	1.624	0.281	0.279	0.273	0.56	0.553	0.561	0.473	0.571	0.555	0.515	0.526	0.502	0.262	0.266	0.254	1.696	1.706	1.705	1.734	1.816	1.82	2.619	2.306	2.371	2.531	2.532	2.528	2.015	1.586	1.376	1.401	1.558	1.556	2.128	2.025	1.714	2.229	1.913	2.219	0.867	0.9	0.959	0.261	0.277	0.274	1.456	1.407	1.295	0.039	0.036	0.039	0.037	0.043	0.037	0.975	0.912	0.939	1.746	1.75	1.779	1.79	1.029	1.011	1.029	0.037	0.038	1.184	1.227	1.26	0.617	0.603	0.614	1.21	1.19	1.222	0.268	0.273	0.274
1965	0.254	0.281	0.291	2.398	2.488	2.569	0.56	0.582	0.544	1.672	1.679	1.065	2.11	2.599	2.23	1.551	1.678	1.626	0.289	0.275	0.275	0.553	0.535	0.554	0.471	0.57	0.559	0.513	0.526	0.497	0.258	0.264	0.254	1.694	1.704	1.695	1.745	1.828	1.828	2.629	2.281	2.378	2.534	2.531	2.54	2.053	1.592	1.545	1.399	1.556	1.558	2.146	2.055	1.718	2.233	1.953	2.236	0.895	0.925	1.065	0.26	0.278	0.277	1.462	1.412	1.303	0.038	0.035	0.039	0.036	0.042	0.036	0.983	0.91	0.941	1.75	1.751	1.783	1.785	1.054	1.039	1.117	0.037	0.038	1.19	1.247	1.276	0.621	0.611	0.619	1.227	1.213	1.228	0.274	0.278	0.279
1980	0.255	0.278	0.291	2.415	2.512	2.563	0.562	0.584	0.543	1.68	1.681	1.079	2.121	2.588	2.249	1.563	1.681	1.629	0.277	0.275	0.273	0.555	0.534	0.558	0.472	0.572	0.56	0.517	0.532	0.502	0.256	0.264	0.253	1.693	1.704	1.693	1.757	1.837	1.842	2.626	2.277	2.367	2.526	2.517	2.521	2.085	1.595	1.508	1.4	1.551	1.553	2.168	2.071	1.749	2.256	1.97	2.234	0.902	0.95	1.198	0.259	0.275	0.274	1.465	1.413	1.306	0.039	0.036	0.039	0.037	0.043	0.037	1.004	0.923	0.947	1.747	1.749	1.784	1.786	1.1	1.093	1.143	0.037	0.038	1.188	1.261	1.29	0.624	0.617	0.621	1.231	1.216	1.236	0.271	0.274	0.279
1995	0.255	0.28	0.289	2.408	2.507	2.559	0.559	0.581	0.546	1.678	1.68	1.074	2.109	2.553	2.254	1.562	1.678	1.626	0.282	0.28	0.275	0.567	0.551	0.573	0.475	0.571	0.567	0.527	0.535	0.501	0.258	0.262	0.249	1.694	1.7	1.7	1.768	1.842	1.852	2.585	2.278	2.321	2.5	2.496	2.487	2.115	1.579	1.672	1.397	1.551	1.556	2.155	2.092	1.769	2.251	1.984	2.247	0.87	0.904	1.014	0.265	0.279	0.28	1.47	1.417	1.31	0.038	0.035	0.038	0.036	0.042	0.036	0.998	0.912	0.936	1.749	1.754	1.78	1.786	1.069	1.05	1.131	0.037	0.037	1.195	1.263	1.278	0.63	0.623	0.632	1.211	1.198	1.218	0.28	0.289	0.286
2010	0.253	0.278	0.289	2.43	2.526	2.576	0.561	0.586	0.555	1.692	1.682	1.104	2.125	2.577	2.287	1.567	1.686	1.635	0.273	0.27	0.271	0.562	0.538	0.566	0.475	0.572	0.571	0.522	0.539	0.506	0.257	0.262	0.252	1.694	1.701	1.722	1.781	1.86	1.867	2.606	2.316	2.319	2.499	2.506	2.503	2.15	1.603	1.481	1.391	1.55	1.558	2.144	2.107	1.781	2.294	2.017	2.26	0.889	0.962	1.111	0.259	0.277	0.276	1.473	1.417	1.314	0.039	0.035	0.039	0.037	0.043	0.037	1.005	0.933	0.96	1.749	1.755	1.781	1.785	1.089	1.08	1.175	0.037	0.038	1.188	1.278	1.273	0.633	0.624	0.63	1.226	1.211	1.23	0.282	0.292	0.293
2025	0.253	0.276	0.282	2.444	2.526	2.577	0.558	0.582	0.542	1.688	1.69	1.106	2.13	2.569	2.309	1.574	1.69	1.636	0.281	0.278	0.275	0.574	0.554	0.576	0.479	0.579	0.572	0.526	0.542	0.506	0.26	0.269	0.254	1.694	1.699	1.705	1.789	1.867	1.878	2.598	2.355	2.289	2.49	2.494	2.488	2.176	1.639	1.73	1.391	1.558	1.565	2.12	2.115	1.827	2.236	2.032	2.26	0.89	0.954	1.154	0.264	0.278	0.279	1.477	1.422	1.319	0.039	0.036	0.038	0.037	0.043	0.037	1.036	0.951	0.976	1.747	1.754	1.784	1.781	1.091	1.081	1.23	0.038	0.038	1.189	1.281	1.282	0.64	0.633	0.641	1.227	1.214	1.234	0.284	0.282	0.29
2040	0.253	0.273	0.284	2.474	2.55	2.615	0.556	0.585	0.542	1.7	1.693	1.077	2.144	2.583	2.343	1.578	1.694	1.639	0.282	0.279	0.276	0.578	0.554	0.58	0.484	0.578	0.576	0.526	0.541	0.508	0.257	0.26	0.251	1.697	1.704	1.735	1.803	1.879	1.893	2.615	2.39	2.286	2.515	2.517	2.511	2.23	1.694	1.783	1.39	1.565	1.573	2.08	2.141	1.864	2.224	2.058	2.282	0.884	0.894	1.075	0.266	0.281	0.282	1.482	1.427	1.323	0.038	0.035	0.039	0.036	0.043	0.037	1.042	0.949	0.972	1.751	1.755	1.786	1.779	1.099	1.085	1.217	0.038	0.038	1.185	1.283	1.28	0.637	0.632	0.64	1.22	1.218	1.226	0.267	0.271	0.271
2055	0.254	0.277	0.287	2.482	2.579	2.641	0.561	0.58	0.542	1.711	1.702	1.115	2.16	2.589	2.379	1.579	1.7	1.639	0.284	0.275	0.268	0.569	0.546	0.568	0.487	0.575	0.574	0.535	0.544	0.512	0.257	0.268	0.259	1.701	1.711	1.748	1.822	1.89	1.906	2.619	2.412	2.268	2.514	2.507	2.518	2.266	1.726	1.74	1.392	1.562	1.582	2.092	2.105	1.909	2.257	2.08	2.297	0.938	0.959	1.313	0.264	0.282	0.28	1.486	1.431	1.328	0.038	0.035	0.038	0.036	0.043	0.037	1.04	0.965	0.987	1.759	1.763	1.793	1.785	1.106	1.13	1.307	0.037	0.038	1.19	1.282	1.295	0.642	0.634	0.645	1.226	1.226	1.232	0.278	0.276	0.286
2070	0.249	0.271	0.281	2.487	2.57	2.623	0.564	0.588	0.546	1.708	1.701	1.119	2.172	2.567	2.381	1.584	1.704	1.64	0.28	0.279	0.276	0.581	0.566	0.576	0.489	0.577	0.577	0.534	0.544	0.512	0.256	0.258	0.249	1.696	1.707	1.745	1.826	1.899	1.915	2.614	2.446	2.294	2.506	2.499	2.503	2.284	1.789	1.704	1.393	1.57	1.59	2.096	2.085	1.915	2.222	2.095	2.285	0.903	0.943	1.098	0.266	0.282	0.284	1.489	1.431	1.331	0.039	0.036	0.039	0.036	0.043	0.037	1.056	0.975	0.982	1.757	1.757	1.787	1.773	1.091	1.108	1.263	0.037	0.038	1.186	1.273	1.285	0.645	0.641	0.646	1.216	1.219	1.224	0.27	0.274	0.278
2085	0.254	0.274	0.284	2.503	2.577	2.626	0.563	0.585	0.546	1.706	1.703	1.135	2.174	2.575	2.412	1.584	1.71	1.643	0.282	0.282	0.284	0.576	0.556	0.585	0.49	0.585	0.576	0.535	0.546	0.518	0.256	0.263	0.254	1.698	1.706	1.737	1.84	1.91	1.921	2.602	2.413	2.386	2.499	2.483	2.481	2.294	1.838	1.708	1.403	1.576	1.596	2.116	2.053	1.951	2.23	2.122	2.29	0.916	0.963	1.294	0.264	0.279	0.28	1.49	1.434	1.331	0.038	0.036	0.038	0.036	0.043	0.037	1.059	0.993	0.982	1.758	1.76	1.787	1.768	1.093	1.102	1.356	0.037	0.038	1.191	1.284	1.298	0.649	0.645	0.65	1.23	1.233	1.24	0.278	0.28	0.283
2100	0.257	0.274	0.282	2.522	2.598	2.643	0.565	0.581	0.55	1.713	1.709	1.141	2.179	2.591	2.436	1.587	1.714	1.642	0.279	0.277	0.276	0.592	0.572	0.587	0.492	0.579	0.581	0.534	0.545	0.519	0.257	0.26	0.245	1.697	1.704	1.728	1.861	1.925	1.935	2.623	2.438	2.42	2.509	2.487	2.484	2.315	1.881	1.744	1.412	1.59	1.603	2.138	2.081	1.971	2.27	2.149	2.291	0.95	0.999	1.331	0.267	0.283	0.283	1.497	1.44	1.34	0.039	0.036	0.039	0.036	0.043	0.036	1.069	0.995	1.013	1.757	1.766	1.79	1.771	1.123	1.12	1.385	0.037	0.038	1.193	1.264	1.278	0.649	0.643	0.652	1.213	1.225	1.234	0.271	0.279	0.28
2115	0.253	0.275	0.283	2.519	2.58	2.63	0.565	0.579	0.552	1.717	1.712	1.15	2.183	2.573	2.434	1.586	1.716	1.641	0.28	0.28	0.281	0.584	0.573	0.583	0.495	0.585	0.583	0.536	0.549	0.525	0.26	0.266	0.256	1.698	1.704	1.672	1.861	1.929	1.944	2.593	2.422	2.397	2.488	2.466	2.462	2.322	1.906	1.754	1.421	1.59	1.611	2.152	2.075	1.947	2.218	2.155	2.279	0.948	0.956	1.254	0.267	0.283	0.285	1.498	1.441	1.338	0.039	0.035	0.039	0.036	0.043	0.036	1.087	0.997	1.008	1.755	1.765	1.788	1.768	1.149	1.152	1.428	0.038	0.038	1.206	1.28	1.289	0.654	0.648	0.651	1.24	1.235	1.239	0.281	0.278	0.283
2130	0.251	0.273	0.283	2.527	2.582	2.639	0.563	0.581	0.554	1.707	1.713	1.158	2.186	2.554	2.465	1.59	1.721	1.637	0.281	0.277	0.278	0.585	0.57	0.587	0.497	0.582	0.587	0.536	0.549	0.529	0.26	0.266	0.259	1.697	1.7	1.713	1.867	1.939	1.951	2.574	2.423	2.386	2.473	2.448	2.444	2.316	1.933	1.837	1.428	1.593	1.615	2.164	2.094	1.952	2.228	2.173	2.286	0.922	0.99	1.404	0.268	0.283	0.285	1.498	1.442	1.337	0.039	0.036	0.039	0.036	0.043	0.037	1.102	1.01	1.027	1.757	1.766	1.786	1.773	1.237	1.241	1.446	0.037	0.038	1.184	1.275	1.286	0.665	0.651	0.661	1.226	1.219	1.236	0.288	0.297	0.31
2145	0.256	0.278	0.285	2.541	2.6	2.658	0.569	0.582	0.55	1.723	1.713	1.135	2.205	2.588	2.487	1.586	1.725	1.639	0.285	0.284	0.283	0.595	0.583	0.597	0.501	0.589	0.591	0.545	0.554	0.534	0.263	0.27	0.264	1.701	1.706	1.676	1.881	1.95	1.958	2.592	2.47	2.393	2.485	2.458	2.452	2.338	1.943	1.759	1.435	1.608	1.625	2.17	2.115	1.962	2.236	2.193	2.284	0.925	0.951	1.32	0.268	0.286	0.286	1.501	1.446	1.34	0.038	0.036	0.039	0.036	0.043	0.036	1.105	1.012	1.026	1.762	1.767	1.785	1.769	1.214	1.221	1.431	0.037	0.038	1.204	1.283	1.293	0.656	0.652	0.651	1.241	1.232	1.243	0.278	0.283	0.281
